id,name,type,url,start_date,start_time,timezone,description,keywords,categories,venue_name,venue_city,venue_state,venue_lat,venue_long
vv1A6ZkG7Gkex2oLY,The Outsiders (Chicago),event,https://www.ticketmaster.com/the-outsiders-chicago-chicago-illinois-02-18-2026/event/07006304A23D17F0,2026-02-18,13:00:00,America/Chicago,N/A,"['Theatre', 'Drama']",['Arts & Theatre'],Cadillac Palace,Chicago,IL,41.88437800,-87.63287700
Z7r9jZ1A7boPK,Hamnet,event,https://www.ticketmaster.com/event/Z7r9jZ1A7boPK,2026-02-18,13:00:00,,N/A,[],['Undefined'],Chicago Shakespeare Theater,Chicago,IL,41.894600000,-87.618698000
Za5ju3rKuqZDvQ283_9K_F9bWmwSkTqy8l,Skate Party - Shoot the Puck,event,,2026-02-18,13:00:00,America/Chicago,N/A,[],[],United Center,Chicago,IL,41.8812441199999928,-87.67427375
vv1A7ZkoAGkdItBn-,Chicago Public League,event,https://www.ticketmaster.com/chicago-public-league-chicago-illinois-02-18-2026/event/04006445E8A7AAA1,2026-02-18,18:00:00,America/Chicago,N/A,"['Basketball', 'High School']",['Sports'],Credit Union 1 Arena at UIC,Chicago,IL,41.87509170,-87.65681650
Z7r9jZ1A7qFjk,Loyola Ramblers Womens Basketball vs. George Mason Patriots Womens Basketball,event,https://www.ticketmaster.com/event/Z7r9jZ1A7qFjk,2026-02-18,18:00:00,,N/A,"['Basketball', 'College']",['Sports'],Gentile Arena,Chicago,IL,41.991001000,-87.665398000
vv1A6ZkG7GkexC-L0,The Outsiders (Chicago),event,https://www.ticketmaster.com/the-outsiders-chicago-chicago-illinois-02-18-2026/event/07006304A23A17E4,2026-02-18,19:00:00,America/Chicago,N/A,"['Theatre', 'Drama']",['Arts & Theatre'],Cadillac Palace,Chicago,IL,41.88437800,-87.63287700
Z7r9jZ1A7boPf,Hamnet,event,https://www.ticketmaster.com/event/Z7r9jZ1A7boPf,2026-02-18,19:00:00,,N/A,[],['Undefined'],Chicago Shakespeare Theater,Chicago,IL,41.894600000,-87.618698000
vv1kvYvN4bGAGeNMQ,Eureka Day (Chicago),event,https://www.ticketmaster.com/eureka-day-chicago-chicago-illinois-02-18-2026/event/070063558C0A3DDA,2026-02-18,19:00:00,America/Chicago,N/A,"['Theatre', 'Comedy']",['Arts & Theatre'],Broadway Playhouse at Water Tower Place,Chicago,IL,41.89839490,-87.62285710
Za5ju3rKuqZDdx_VL1dFo59yvU51iZ_99K,2025 NIHL Premier Selects Championships,event,,2026-02-18,19:00:00,America/Chicago,N/A,[],[],United Center,Chicago,IL,41.8812441199999928,-87.67427375
Z7r9jZ1A7q9Qf,Bernadette: The Musical,event,https://www.ticketmaster.com/event/Z7r9jZ1A7q9Qf,2026-02-18,19:00:00,,N/A,[],['Undefined'],Athenaeum Theatre,Chicago,IL,41.939602000,-87.656799000
rZ7HnEZ1AKJkff,THE MOTH STORYSLAM at FITZGERALDS: LOVE WINS,event,https://www.ticketweb.com/event/the-moth-storyslam-at-fitzgeralds-fitzgeralds-nightclub-tickets/13986514,2026-02-18,19:00:00,America/Chicago,N/A,[],['Miscellaneous'],FITZGERALDS NIGHTCLUB,Berwyn,IL,41.864890,-87.789520
rZ7HnEZ1AKPybV,JOEL PATERSON TRIO in the SIDEBAR!,event,https://www.ticketweb.com/event/joel-paterson-trio-in-the-fitzgeralds-sidebar-tickets/13979634,2026-02-18,19:00:00,America/Chicago,N/A,"['Blues', 'Jazz Blues']",['Music'],FITZGERALDS SIDEBAR,Berwyn,IL,41.864890,-87.789520
1AtZk8MGkdldYzu,"Aliejha, Bella Moss, Caro Granner",event,https://www.ticketweb.com/event/aliejha-bella-moss-caro-granner-reggies-music-joint-tickets/14109094?REFERRAL_ID=tmfeed,2026-02-18,19:30:00,America/Chicago,N/A,"['Folk', 'Indie Folk']",['Music'],Reggies Music Joint,Chicago,IL,41.853988,-87.62706
vv1A7ZkCkGkdPDI7E,George Porter JR & Runnin' Pardners,event,https://www.ticketmaster.com/george-porter-jr-runnin-pardners-chicago-illinois-02-18-2026/event/04006386E5EE8127,2026-02-18,20:00:00,America/Chicago,N/A,"['R&B', 'R&B']",['Music'],Garcia's Chicago,Chicago,IL,41.88300000,-87.65256000
vv1A7ZkCAGkd06t3A,Freya Skye - Stars Align Tour,event,https://www.ticketmaster.com/freya-skye-stars-align-tour-chicago-illinois-02-18-2026/event/04006385E41E9485,2026-02-18,20:00:00,America/Chicago,N/A,"['Pop', 'Pop']",['Music'],The Salt Shed Indoors (Shed),Chicago,IL,41.90630000,-87.65900000
Z7r9jZ1A7ja-p,Monolink,event,https://www.ticketmaster.com/event/Z7r9jZ1A7ja-p,2026-02-18,20:00:00,,N/A,"['Other', 'Other']",['Music'],Vic Theater,Chicago,IL,41.939602000,-87.656799000
Za5ju3rKuqZDe2iGJ7JHA1sbz470Veavpo,Center Ice Photo,event,,2026-02-18,22:30:00,America/Chicago,N/A,[],[],United Center,Chicago,IL,41.8812441199999928,-87.67427375
Za5ju3rKuqZDv08j7HlQquiyNVfr5Umu2e,STH Pregame Party,event,,2026-02-19,17:30:00,America/Chicago,N/A,[],[],United Center,Chicago,IL,41.880677,-87.6740910000000119
rZ7HnEZ1Af7ba7,Three Top Happy Hour,event,https://www.ticketweb.com/event/three-top-happy-hour-three-top-lounge-tickets/14118244,2026-02-19,17:30:00,America/Chicago,N/A,[],['Miscellaneous'],Three Top Lounge,Chicago,IL,41.90673,-87.65923
vv178ZbgGkUDVFdW,Chicago Comedy Club,event,https://www.ticketmaster.com/chicago-comedy-club-chicago-illinois-02-19-2026/event/0400635DBBD080FD,2026-02-19,18:00:00,America/Chicago,N/A,"['Comedy', 'Comedy']",['Arts & Theatre'],Foundation Room at House of Blues Chicago,Chicago,IL,41.88829000,-87.62884000
rZ7HnEZ1Af7sCf,Judges Joke,event,https://www.ticketweb.com/event/judges-joke-bottom-lounge-tickets/14131394,2026-02-19,18:00:00,America/Chicago,N/A,[],['Miscellaneous'],Bottom Lounge,Chicago,IL,41.885046,-87.661767
rZ7HnEZ1AfvoF0,Joanna Connor Blues Band/TBD,event,https://www.ticketweb.com/event/joanna-connor-blues-bandtbd-kingston-mines-chicago-tickets/14051224,2026-02-19,18:00:00,America/Chicago,N/A,"['Blues', 'Blues', 'Blues', 'Blues', 'Blues', 'Acoustic Blues']","['Music', 'Music', 'Music']",Kingston Mines - Chicago Blues Center,Chicago,IL,41.929086,-87.648951
vv1A6ZkG7Gkex8vOA,The Outsiders (Chicago),event,https://www.ticketmaster.com/the-outsiders-chicago-chicago-illinois-02-19-2026/event/07006304A2401805,2026-02-19,19:00:00,America/Chicago,N/A,"['Theatre', 'Drama']",['Arts & Theatre'],Cadillac Palace,Chicago,IL,41.88437800,-87.63287700
vv17jZbgGkMxy9nd,Jim Gaffigan: Everything is Wonderful!,event,https://www.ticketmaster.com/jim-gaffigan-everything-is-wonderful-chicago-illinois-02-19-2026/event/0700635DE2E57A83,2026-02-19,19:00:00,America/Chicago,N/A,"['Comedy', 'Comedy']",['Arts & Theatre'],The Chicago Theatre,Chicago,IL,41.88537000,-87.62745700
Z7r9jZ1A7boP4,Hamnet,event,https://www.ticketmaster.com/event/Z7r9jZ1A7boP4,2026-02-19,19:00:00,,N/A,[],['Undefined'],Chicago Shakespeare Theater,Chicago,IL,41.894600000,-87.618698000
vv1kvYvN4bGAGdKze,Eureka Day (Chicago),event,https://www.ticketmaster.com/eureka-day-chicago-chicago-illinois-02-19-2026/event/070063558C0D3E02,2026-02-19,19:00:00,America/Chicago,N/A,"['Theatre', 'Comedy']",['Arts & Theatre'],Broadway Playhouse at Water Tower Place,Chicago,IL,41.89839490,-87.62285710
Za5ju3rKuqZBL8SENfd_ZlBiHzEf4saUR,FE260219,event,,2026-02-19,19:00:00,America/Chicago,N/A,[],[],United Center,Chicago,IL,41.880677,-87.6740910000000119
Za5ju3rKuqZDdiy8CwUxyejaNkI6BIzjTu,Ketel One Club Bulls vs. Raptors,event,,2026-02-19,19:00:00,America/Chicago,N/A,[],[],United Center,Chicago,IL,41.880677,-87.6740910000000119
Za5ju3rKuqZDduQRcuDIteJ1T2xnZrWboL,Exit Pass -  Bulls vs. Raptors,event,,2026-02-19,19:00:00,America/Chicago,N/A,[],[],United Center,Chicago,IL,41.880677,-87.6740910000000119
Za5ju3rKuqZDvS0VUETRcuKl9qaT01RWYu,Family Room -  Bulls vs. Raptors,event,,2026-02-19,19:00:00,America/Chicago,N/A,[],[],United Center,Chicago,IL,41.880677,-87.6740910000000119
Za5ju3rKuqZDvTivakNoaGmDcksnp9MVm4,Post Game -  Bulls vs. Raptors,event,,2026-02-19,19:00:00,America/Chicago,N/A,[],[],United Center,Chicago,IL,41.880677,-87.6740910000000119
Za5ju3rKuqZDvU6ZXgBOu1T5vMWhkOfcLp,Skyline Meeting Room Raptors,event,,2026-02-19,19:00:00,America/Chicago,N/A,[],[],United Center,Chicago,IL,41.880677,-87.6740910000000119
Za5ju3rKuqZDv_iDd8pUy6Q1HPNnjMYhzj,Toronto Raptors - Premium,event,,2026-02-19,19:00:00,America/Chicago,N/A,[],[],United Center,Chicago,IL,41.880677,-87.6740910000000119
vv178ZbYGkW657Nh,Chicago Bulls vs. Toronto Raptors,event,https://www.ticketmaster.com/chicago-bulls-vs-toronto-raptors-chicago-illinois-02-19-2026/event/0400630F472C48DB,2026-02-19,19:00:00,America/Chicago,N/A,"['Basketball', 'NBA']",['Sports'],United Center,Chicago,IL,41.88124412,-87.67427375
Z7r9jZ1A7q9Q4,Bernadette: The Musical,event,https://www.ticketmaster.com/event/Z7r9jZ1A7q9Q4,2026-02-19,19:00:00,,N/A,[],['Undefined'],Athenaeum Theatre,Chicago,IL,41.939602000,-87.656799000
rZ7HnEZ1AfAPe7,"Greystone w/ Sabina, Nick Reeves",event,https://www.ticketweb.com/event/greystone-w-sabina-nick-reeves-cubby-bear-tickets/14165084,2026-02-19,19:00:00,America/Chicago,N/A,"['Alternative', 'Alternative Rock', 'Alternative', 'Alternative Rock', 'Rock', 'Rock']","['Music', 'Music', 'Music']",Cubby Bear,Chicago,IL,41.947012,-87.656821
rZ7HnEZ1AfAxv0,THE SCOVILLES Live in the Sidebar!,event,https://www.ticketweb.com/event/the-scovilles-live-in-the-fitzgeralds-sidebar-tickets/14162064,2026-02-19,19:00:00,America/Chicago,N/A,['Other'],['Music'],FITZGERALDS SIDEBAR,Berwyn,IL,41.864890,-87.789520
Z7r9jZ1A7_gPV,Makela Conducts Ein Heldenleben,event,https://www.ticketmaster.com/event/Z7r9jZ1A7_gPV,2026-02-19,19:30:00,,N/A,"['Classical', 'Classical/Vocal']",['Music'],Orchestra Hall - IL,Chicago,IL,41.880501000,-87.624702000
rZ7HnEZ1AfuUqK,*CANCELLED* Loyle Carner with Navy Blue,event,https://www.ticketweb.com/event/cancelled-loyle-carner-with-navy-thalia-hall-tickets/14376753,2026-02-19,19:30:00,America/Chicago,N/A,"['Hip-Hop/Rap', 'Hip-Hop/Rap', 'Other']","['Music', 'Music']",Thalia Hall,Chicago,IL,41.857717,-87.657459
vv1A7ZkCkGkdPHF7t,George Porter JR & Runnin' Pardners,event,https://www.ticketmaster.com/george-porter-jr-runnin-pardners-chicago-illinois-02-19-2026/event/04006386E5F08129,2026-02-19,20:00:00,America/Chicago,N/A,"['R&B', 'R&B']",['Music'],Garcia's Chicago,Chicago,IL,41.88300000,-87.65256000
1Ae0ZbzGkWvSsD8,"Lo Essencial, Direccion Contraria, Expoetix",event,https://www.ticketweb.com/event/lo-essencial-direccion-contraria-expoetix-reggies-music-joint-tickets/14004864?REFERRAL_ID=tmfeed,2026-02-19,20:00:00,America/Chicago,N/A,"['Rock', 'Pop']",['Music'],Reggies Music Joint,Chicago,IL,41.853988,-87.62706
Za5ju3rKuqZDerXp9rXd-7EI0ogVMfffSv,Lithuanian  STO,event,,2026-02-19,20:00:00,America/Chicago,N/A,[],[],United Center,Chicago,IL,41.880677,-87.6740910000000119
rZ7HnEZ1AfbMZd,Tyler Halverson - In Defense Of Drinking Tour with Angel White,event,https://www.ticketweb.com/event/tyler-halverson-in-carols-pub-tickets/14637003,2026-02-19,20:00:00,America/Chicago,N/A,"['Country', 'Country', 'Country', 'Country']","['Music', 'Music']",Carol's Pub,Chicago,IL,41.966640,-87.666980
rZ7HnEZ1AfjSAd,Ernie Hendrickson Band w/ special guest Sophie Coyote,event,https://www.ticketweb.com/event/ernie-hendrickson-band-w-special-fitzgeralds-nightclub-tickets/14733143,2026-02-19,20:30:00,America/Chicago,N/A,"['Rock', 'Pop', 'Other']","['Music', 'Music']",FITZGERALDS NIGHTCLUB,Berwyn,IL,41.864890,-87.789520
rZ7HnEZ1AfvUF7,Pachanka Music Presents: Julio Churches!,event,https://www.ticketweb.com/event/pachanka-music-presents-julio-churches-fitzgeralds-sidebar-tickets/14076204,2026-02-19,21:00:00,America/Chicago,N/A,"['World', 'Latin']",['Music'],FITZGERALDS SIDEBAR,Berwyn,IL,41.864890,-87.789520
16tZk8wo-ZAGe5C5,Classic Stadium Tour,event,https://www.ticketweb.com/event/classic-stadium-tour-soldier-field-tickets/14092074?REFERRAL_ID=tmfeed,2026-02-20,11:00:00,America/Chicago,N/A,"['Miscellaneous', 'Miscellaneous']",['Sports'],Soldier Field,Chicago,IL,41.86205404,-87.61682143
16tZk8woSZA8e52k,Classic Stadium Tour,event,https://www.ticketweb.com/event/classic-stadium-tour-soldier-field-tickets/14092084?REFERRAL_ID=tmfeed,2026-02-20,12:30:00,America/Chicago,N/A,"['Miscellaneous', 'Miscellaneous']",['Sports'],Soldier Field,Chicago,IL,41.86205404,-87.61682143
rZ7HnEZ1Af7IO7,"Sidebar Happy Hour w/   Violent Themmes ( featuring Ian Leith, Paul Obis and Tom Valenzano)",event,https://www.ticketweb.com/event/sidebar-happy-hour-w-fitzgeralds-sidebar-tickets/14128804,2026-02-20,17:30:00,America/Chicago,N/A,"['Folk', 'Americana']",['Music'],FITZGERALDS SIDEBAR,Berwyn,IL,41.864890,-87.789520
vv1A7ZkoAGkdIl1nl,Chicago Public League,event,https://www.ticketmaster.com/chicago-public-league-chicago-illinois-02-20-2026/event/04006445E8ACAAAB,2026-02-20,18:00:00,America/Chicago,N/A,"['Basketball', 'High School']",['Sports'],Credit Union 1 Arena at UIC,Chicago,IL,41.87509170,-87.65681650
rZ7HnEZ1Afep47,Honey with DJ CashEra,event,https://www.ticketweb.com/event/honey-with-dj-cashera-three-top-lounge-tickets/14096544,2026-02-20,18:00:00,America/Chicago,N/A,"['R&B', 'R&B']",['Music'],Three Top Lounge,Chicago,IL,41.90673,-87.65923
vv1kvZv0F8GA1yzyt,Next Showcase USA,event,https://www.ticketmaster.com/next-showcase-usa-chicago-illinois-02-20-2026/event/040064210AE78E69,2026-02-20,18:30:00,America/Chicago,N/A,"['Other', 'Other']",['Music'],Foundation Room at House of Blues Chicago,Chicago,IL,41.88829000,-87.62884000
vv1A6ZkG7Gkex8sO5,The Outsiders (Chicago),event,https://www.ticketmaster.com/the-outsiders-chicago-chicago-illinois-02-20-2026/event/07006304A243180B,2026-02-20,19:00:00,America/Chicago,N/A,"['Theatre', 'Drama']",['Arts & Theatre'],Cadillac Palace,Chicago,IL,41.88437800,-87.63287700
vv17jZbgGkMxB9nA,Jim Gaffigan: Everything is Wonderful!,event,https://www.ticketmaster.com/jim-gaffigan-everything-is-wonderful-chicago-illinois-02-20-2026/event/0700635DE2E97A85,2026-02-20,19:00:00,America/Chicago,N/A,"['Comedy', 'Comedy']",['Arts & Theatre'],The Chicago Theatre,Chicago,IL,41.88537000,-87.62745700
Z7r9jZ1A7boPp,Hamnet,event,https://www.ticketmaster.com/event/Z7r9jZ1A7boPp,2026-02-20,19:00:00,,N/A,[],['Undefined'],Chicago Shakespeare Theater,Chicago,IL,41.894600000,-87.618698000
vv1kvYvN4bGAG7dz3,Eureka Day (Chicago),event,https://www.ticketmaster.com/eureka-day-chicago-chicago-illinois-02-20-2026/event/070063558C103E12,2026-02-20,19:00:00,America/Chicago,N/A,"['Theatre', 'Comedy']",['Arts & Theatre'],Broadway Playhouse at Water Tower Place,Chicago,IL,41.89839490,-87.62285710
rZ7HnEZ1AfA-37,MELT ICE - A Stand With Minnesota Benefit Show,event,https://www.ticketweb.com/event/melt-ice-a-bottom-lounge-tickets/14161484,2026-02-20,19:00:00,America/Chicago,N/A,"['Alternative', 'Goth', 'Metal', 'Goth Metal', 'Rock', 'Alternative', 'Goth', 'Alternative', 'Goth', 'Alternative', 'Goth', 'Alternative', 'Alternative Rock']","['Music', 'Music', 'Music', 'Music', 'Music', 'Music', 'Music']",Bottom Lounge,Chicago,IL,41.885046,-87.661767
rZ7HnEZ1AfZKC7,Kickback to Kirkwood- Chicago's Biggest IU Party!,event,https://www.ticketweb.com/event/kickback-to-kirkwood-chicagos-joes-on-weed-street-tickets/14013384,2026-02-20,19:00:00,America/Chicago,N/A,[],['Miscellaneous'],Joe's on Weed Street,Chicago,IL,41.909857,-87.65293
rZ7HnEZ1Afv8kf,Joanna Connor Blues Band/Omar Coleman Blues Band,event,https://www.ticketweb.com/event/joanna-connor-blues-bandomar-coleman-kingston-mines-chicago-tickets/14050194,2026-02-20,19:00:00,America/Chicago,N/A,"['Blues', 'Blues', 'Blues', 'Blues', 'Blues', 'Acoustic Blues']","['Music', 'Music', 'Music']",Kingston Mines - Chicago Blues Center,Chicago,IL,41.929086,-87.648951
Z7r9jZ1A7q9Qp,Bernadette: The Musical,event,https://www.ticketmaster.com/event/Z7r9jZ1A7q9Qp,2026-02-20,19:00:00,,N/A,[],['Undefined'],Athenaeum Theatre,Chicago,IL,41.939602000,-87.656799000
Z7r9jZ1A7_gPg,Makela Conducts Ein Heldenleben,event,https://www.ticketmaster.com/event/Z7r9jZ1A7_gPg,2026-02-20,19:30:00,,N/A,"['Classical', 'Classical/Vocal']",['Music'],Orchestra Hall - IL,Chicago,IL,41.880501000,-87.624702000
rZ7HnEZ1Afb0pK,THE LONE BELLOW 2026 TOUR with Fabrizio,event,https://www.ticketweb.com/event/the-lone-bellow-2026-tour-thalia-hall-tickets/14624593,2026-02-20,19:30:00,America/Chicago,N/A,"['Folk', 'Americana', 'Country', 'Country']","['Music', 'Music']",Thalia Hall,Chicago,IL,41.857717,-87.657459
rZ7HnEZ1AfeoZ7,"Ruby w/ Coach House, Fighting Godot",event,https://www.ticketweb.com/event/ruby-w-coach-house-fighting-cubby-bear-tickets/14091004,2026-02-20,19:30:00,America/Chicago,N/A,"['Alternative', 'Alternative', 'Rock', 'Indie Rock', 'Rock', 'Rock']","['Music', 'Music', 'Music']",Cubby Bear,Chicago,IL,41.947012,-87.656821
Z7r9jZ1A7q8_K,Rich Brian,event,https://www.ticketmaster.com/event/Z7r9jZ1A7q8_K,2026-02-20,19:30:00,,N/A,"['Other', 'Other']",['Music'],Riviera Theatre- IL,Chicago,IL,41.971401000,-87.660301000
vv1A7ZkuNGkegQp-g,Schur,event,https://www.ticketmaster.com/schur-chicago-illinois-02-20-2026/event/04006363B5696875,2026-02-20,20:00:00,America/Chicago,N/A,"['Rock', 'Pop']",['Music'],Garcia's Chicago,Chicago,IL,41.88300000,-87.65256000
1Ae0ZbzGkHyJoBD,"Embittered, Ashbringer, Vukari, Motherless",event,https://www.ticketweb.com/event/embittered-ashbringer-vukari-motherless-reggies-rock-club-tickets/14004774?REFERRAL_ID=tmfeed,2026-02-20,20:00:00,America/Chicago,N/A,"['Metal', 'Nu-Metal']",['Music'],Reggies Rock Club,Chicago,IL,41.85398800,-87.62706000
vv178ZbUGkDKtzHV,Wooli,event,https://www.ticketmaster.com/wooli-chicago-illinois-02-20-2026/event/0400636ED3A78F34,2026-02-20,20:00:00,America/Chicago,N/A,"['Pop', 'Electro Pop']",['Music'],The Salt Shed Indoors (Shed),Chicago,IL,41.90630000,-87.65900000
vv1kvZvNOOGA1Bqrz,Justin Bieber Night: Presented by Stan Society,event,https://www.ticketmaster.com/justin-bieber-night-presented-by-stan-chicago-illinois-02-20-2026/event/040063820AE9D7B8,2026-02-20,20:30:00,America/Chicago,N/A,"['Pop', 'Electro Pop']",['Music'],House of Blues Chicago,Chicago,IL,41.88811537,-87.62931962
1Ae0Z_dGkzpM-U2,"You Died, James the Boneless, Black Cat Heart Attack",event,https://www.ticketweb.com/event/you-died-james-the-boneless-reggies-music-joint-tickets/14127114?REFERRAL_ID=tmfeed,2026-02-20,20:30:00,America/Chicago,N/A,"['Rock', 'Pop']",['Music'],Reggies Music Joint,Chicago,IL,41.853988,-87.62706
1Ae0ZbzGki43vrO,"Sonus Umbra, Kingery",event,https://www.ticketweb.com/event/sonus-umbra-kingery-reggies-banannas-shack-tickets/13995424?REFERRAL_ID=tmfeed,2026-02-20,20:30:00,America/Chicago,N/A,"['Rock', 'Pop']",['Music'],Reggies Bananna's Shack ,Chicago,IL,41.853865,-87.626767
rZ7HnEZ1AfQf7d,VANESSA COLLIER Returns to FITZGERALDS Nightclub!,event,https://www.ticketweb.com/event/vanessa-collier-returns-to-fitzgeralds-fitzgeralds-nightclub-tickets/14694103,2026-02-20,20:30:00,America/Chicago,N/A,"['Blues', 'Blues']",['Music'],FITZGERALDS NIGHTCLUB,Berwyn,IL,41.864890,-87.789520
vv178Z_eGkY8Xye4,Tara Yummy's Mindset,event,https://www.ticketmaster.com/tara-yummys-mindset-chicago-illinois-02-20-2026/event/0400642C10FB9095,2026-02-20,21:00:00,America/Chicago,N/A,"['Pop', 'Electro Pop']",['Music'],Outset,Chicago,IL,41.91287000,-87.66340000
rZ7HnEZ1AKPy_7,Friday Night in the SIDEBAR w/ The Meadowlark Lemons!,event,https://www.ticketweb.com/event/friday-night-in-the-sidebar-fitzgeralds-sidebar-tickets/13979644,2026-02-20,21:00:00,America/Chicago,N/A,"['Jazz', 'Fusion']",['Music'],FITZGERALDS SIDEBAR,Berwyn,IL,41.864890,-87.789520
rZ7HnEZ1AKJekf,Blue Rose,event,https://www.ticketweb.com/event/blue-rose-carols-pub-tickets/13982194,2026-02-20,21:30:00,America/Chicago,N/A,"['Rock', 'Pop']",['Music'],Carol's Pub,Chicago,IL,41.966640,-87.666980
rZ7HnEZ1AfZ7Cf,Late Shift,event,https://www.ticketweb.com/event/late-shift-joes-on-weed-street-tickets/14004394,2026-02-20,22:00:00,America/Chicago,N/A,['Other'],['Music'],Joe's on Weed Street,Chicago,IL,41.909857,-87.65293
vv1A6Zku8GkdFHEhe,The Chicago Theatre Tour Experience,event,https://www.ticketmaster.com/the-chicago-theatre-tour-experience-chicago-illinois-02-20-2026/event/07006350C8F276C2,2026-02-20,,America/Chicago,N/A,"['Undefined', 'Undefined']",['Miscellaneous'],The Chicago Theatre Tour Experience,Chicago,IL,41.88537000,-87.62745700
rZ7HnEZ1AKPy_0,FAMILY FUN IN THE CLUB w/ MR. DAVE MUSIC,event,https://www.ticketweb.com/event/family-fun-in-the-club-fitzgeralds-nightclub-tickets/13979664,2026-02-21,10:15:00,America/Chicago,N/A,[],['Undefined'],FITZGERALDS NIGHTCLUB,Berwyn,IL,41.864890,-87.789520
1Ae0Z_7GkH-d-Cm,Vip Stadium Tour,event,https://www.ticketweb.com/event/vip-stadium-tour-soldier-field-tickets/14164624?REFERRAL_ID=tmfeed,2026-02-21,10:30:00,America/Chicago,N/A,"['Miscellaneous', 'Miscellaneous']",['Sports'],Soldier Field,Chicago,IL,41.86205404,-87.61682143
rZ7HnEZ1AfAYpf,**In BABYGOLD DIning Room** American Music Festival '26 YOUTUBE PLAYLIST Watch-Party in BABYGOLD Dining Room!,event,https://www.ticketweb.com/event/in-babygold-dining-room-american-fitzgeralds-nightclub-tickets/14170594,2026-02-21,12:00:00,America/Chicago,N/A,[],['Miscellaneous'],FITZGERALDS NIGHTCLUB,Berwyn,IL,41.864890,-87.789520
1Ae0Z_7GkH-d-CJ,Vip Stadium Tour,event,https://www.ticketweb.com/event/vip-stadium-tour-soldier-field-tickets/14164634?REFERRAL_ID=tmfeed,2026-02-21,12:30:00,America/Chicago,N/A,"['Miscellaneous', 'Miscellaneous']",['Sports'],Soldier Field,Chicago,IL,41.86205404,-87.61682143
vv1A6ZkG7Gkex3oOb,The Outsiders (Chicago),event,https://www.ticketmaster.com/the-outsiders-chicago-chicago-illinois-02-21-2026/event/07006304A2491818,2026-02-21,14:00:00,America/Chicago,N/A,"['Theatre', 'Drama']",['Arts & Theatre'],Cadillac Palace,Chicago,IL,41.88437800,-87.63287700
Z7r9jZ1A7boPb,Hamnet,event,https://www.ticketmaster.com/event/Z7r9jZ1A7boPb,2026-02-21,14:00:00,,N/A,[],['Undefined'],Chicago Shakespeare Theater,Chicago,IL,41.894600000,-87.618698000
vv178ZbVGkU6y3oV,UIC Flames Men's Basketball v Valparaiso,event,https://www.ticketmaster.com/uic-flames-mens-basketball-v-valparaiso-chicago-illinois-02-21-2026/event/0400634D87E52474,2026-02-21,14:00:00,America/Chicago,N/A,"['Basketball', 'College']",['Sports'],Credit Union 1 Arena at UIC,Chicago,IL,41.87509170,-87.65681650
vv1kvYvN4bGAGANzb,Eureka Day (Chicago),event,https://www.ticketmaster.com/eureka-day-chicago-chicago-illinois-02-21-2026/event/070063558C163E18,2026-02-21,14:00:00,America/Chicago,N/A,"['Theatre', 'Comedy']",['Arts & Theatre'],Broadway Playhouse at Water Tower Place,Chicago,IL,41.89839490,-87.62285710
Z7r9jZ1A7q9Q9,Bernadette: The Musical,event,https://www.ticketmaster.com/event/Z7r9jZ1A7q9Q9,2026-02-21,14:00:00,,N/A,[],['Undefined'],Athenaeum Theatre,Chicago,IL,41.939602000,-87.656799000
vv1kvYv0aIGACIeVQ,Jim Gaffigan: Everything is Wonderful!,event,https://www.ticketmaster.com/jim-gaffigan-everything-is-wonderful-chicago-illinois-02-21-2026/event/070064268EA02D1A,2026-02-21,17:00:00,America/Chicago,N/A,"['Comedy', 'Comedy']",['Arts & Theatre'],The Chicago Theatre,Chicago,IL,41.88537000,-87.62745700
rZ7HnEZ1Af_tkd,*SOLD OUT* Earlybirds Club,event,https://www.ticketweb.com/event/sold-out-earlybirds-club-thalia-hall-tickets/14669183,2026-02-21,18:00:00,America/Chicago,N/A,[],['Miscellaneous'],Thalia Hall,Chicago,IL,41.857717,-87.657459
Za5ju3rKuqZDeRpI7G5YAaS5nJel8t_Tiu,Watch Party at Revolution Brewing,event,,2026-02-21,18:30:00,America/Chicago,N/A,[],[],Chicago Fire FC Event,Chicago,IL,41.88254,-87.62921
rZ7HnEZ1Af7F-V,"goodkitty w/ Jawson Dell, damsel.",event,https://www.ticketweb.com/event/goodkitty-w-jawson-dell-damsel-cubby-bear-tickets/14108874,2026-02-21,18:30:00,America/Chicago,N/A,"['Pop', 'Indie Pop', 'Pop', 'Indie Pop', 'Pop', 'Indie Pop']","['Music', 'Music', 'Music']",Cubby Bear,Chicago,IL,41.947012,-87.656821
Z7r9jZ1A7boP9,Hamnet,event,https://www.ticketmaster.com/event/Z7r9jZ1A7boP9,2026-02-21,19:00:00,,N/A,[],['Undefined'],Chicago Shakespeare Theater,Chicago,IL,41.894600000,-87.618698000
rZ7HnEZ1AfA-q7,ICE OUT - A Stand With Minnesota Benefit Show,event,https://www.ticketweb.com/event/ice-out-a-bottom-lounge-tickets/14161744,2026-02-21,19:00:00,America/Chicago,N/A,"['Alternative', 'Alternative Rock', 'Alternative', 'Alternative Rock', 'Alternative', 'Indie Pop', 'Alternative', 'Alternative Rock']","['Music', 'Music', 'Music', 'Music']",Bottom Lounge,Chicago,IL,41.885046,-87.661767
Z7r9jZ1A7jfFa,DePaul Blue Demons Mens Basketball vs. Providence College Friars Mens Basketball,event,https://www.ticketmaster.com/event/Z7r9jZ1A7jfFa,2026-02-21,19:00:00,,N/A,"['Basketball', 'College']",['Sports'],Wintrust Arena,Chicago,IL,41.846600000,-87.625999000
Za5ju3rKuqZDdS2sehHtavvabNIHvwUyTc,Post Game  -  Bulls vs. Pistons,event,,2026-02-21,19:00:00,America/Chicago,N/A,[],[],United Center,Chicago,IL,41.880677,-87.6740910000000119
Za5ju3rKuqZDdXKrkl3os60lplLPSTUPnB,Exit Pass -  Bulls vs. Pistons,event,,2026-02-21,19:00:00,America/Chicago,N/A,[],[],United Center,Chicago,IL,41.880677,-87.6740910000000119
Za5ju3rKuqZDdrduYhEEcG_1o72ZNLKzgg,Family Room -  Bulls vs. Pistons,event,,2026-02-21,19:00:00,America/Chicago,N/A,[],[],United Center,Chicago,IL,41.880677,-87.6740910000000119
Za5ju3rKuqZDez3Yd_9_WksnXLwbF5CUdU,Ketel One Club Bulls vs. Pistons,event,,2026-02-21,19:00:00,America/Chicago,N/A,[],[],United Center,Chicago,IL,41.880677,-87.6740910000000119
Za5ju3rKuqZDvZ7F4Mx0g7tyZ__RWOB-ZI,Detroit Pistons - Premium,event,,2026-02-21,19:00:00,America/Chicago,N/A,[],[],United Center,Chicago,IL,41.880677,-87.6740910000000119
Za5ju3rKuqZDvscQkzF7gGp1ET8iP42dnb,FE260221,event,,2026-02-21,19:00:00,America/Chicago,N/A,[],[],United Center,Chicago,IL,41.880677,-87.6740910000000119
vv178ZbYGkW65VNL,Chicago Bulls vs. Detroit Pistons,event,https://www.ticketmaster.com/chicago-bulls-vs-detroit-pistons-chicago-illinois-02-21-2026/event/0400630F472F48DF,2026-02-21,19:00:00,America/Chicago,N/A,"['Basketball', 'NBA']",['Sports'],United Center,Chicago,IL,41.88124412,-87.67427375
rZ7HnEZ1AfvFq7,Joanna Connor Blues Band/Omar Coleman Blues Band,event,https://www.ticketweb.com/event/joanna-connor-blues-bandomar-coleman-kingston-mines-chicago-tickets/14048744,2026-02-21,19:00:00,America/Chicago,N/A,"['Blues', 'Blues', 'Blues', 'Blues', 'Blues', 'Acoustic Blues']","['Music', 'Music', 'Music']",Kingston Mines - Chicago Blues Center,Chicago,IL,41.929086,-87.648951
Z7r9jZ1A7qIb8,Alfred Robles (18+),event,https://www.ticketmaster.com/event/Z7r9jZ1A7qIb8,2026-02-21,19:00:00,,N/A,"['Miscellaneous', 'Miscellaneous']",['Arts & Theatre'],Vic Theater,Chicago,IL,41.939602000,-87.656799000
Z7r9jZ1A7_gPU,Makela Conducts Ein Heldenleben,event,https://www.ticketmaster.com/event/Z7r9jZ1A7_gPU,2026-02-21,19:30:00,,N/A,"['Classical', 'Classical/Vocal']",['Music'],Orchestra Hall - IL,Chicago,IL,41.880501000,-87.624702000
Z7r9jZ1A7rp_9,Joffrey Ballet,event,https://www.ticketmaster.com/event/Z7r9jZ1A7rp_9,2026-02-21,19:30:00,,N/A,[],['Arts & Theatre'],Civic Opera House,Chicago,IL,41.881802000,-87.636703000
vv1A6ZkG7Gkexo-Of,The Outsiders (Chicago),event,https://www.ticketmaster.com/the-outsiders-chicago-chicago-illinois-02-21-2026/event/07006304A2461814,2026-02-21,19:30:00,America/Chicago,N/A,"['Theatre', 'Drama']",['Arts & Theatre'],Cadillac Palace,Chicago,IL,41.88437800,-87.63287700
vv178ZbwGkIAUV3q,Sixteen Candles,event,https://www.ticketmaster.com/sixteen-candles-chicago-illinois-02-21-2026/event/0400632A05DB449D,2026-02-21,19:30:00,America/Chicago,N/A,"['Rock', 'Pop']",['Music'],House of Blues Chicago,Chicago,IL,41.88811537,-87.62931962
vv1kvYvN4bGAG7Szp,Eureka Day (Chicago),event,https://www.ticketmaster.com/eureka-day-chicago-chicago-illinois-02-21-2026/event/070063558C133E16,2026-02-21,19:30:00,America/Chicago,N/A,"['Theatre', 'Comedy']",['Arts & Theatre'],Broadway Playhouse at Water Tower Place,Chicago,IL,41.89839490,-87.62285710
vv17jZbgGkMxD9n6,Jim Gaffigan: Everything is Wonderful!,event,https://www.ticketmaster.com/jim-gaffigan-everything-is-wonderful-chicago-illinois-02-21-2026/event/0700635DE2ED7A87,2026-02-21,20:00:00,America/Chicago,N/A,"['Comedy', 'Comedy']",['Arts & Theatre'],The Chicago Theatre,Chicago,IL,41.88537000,-87.62745700
vv1A7ZkC8GkdRragg,Liquid Soul,event,https://www.ticketmaster.com/liquid-soul-chicago-illinois-02-21-2026/event/04006390EF789D75,2026-02-21,20:00:00,America/Chicago,N/A,"['Jazz', 'Jazz']",['Music'],Garcia's Chicago,Chicago,IL,41.88300000,-87.65256000
1AtZkG-GkdqA3qw,"Author & Punisher, King Yosef, Black Magnet, Wretched Blessing",event,https://www.ticketweb.com/event/author-punisher-king-yosef-reggies-rock-club-tickets/14531503?REFERRAL_ID=tmfeed,2026-02-21,20:00:00,America/Chicago,N/A,"['Metal', 'Nu-Metal']",['Music'],Reggies Rock Club,Chicago,IL,41.85398800,-87.62706000
16e0Z_ePdG7zoh7,"Super Creeps, Big Time",event,https://www.ticketweb.com/event/super-creeps-big-time-reggies-banannas-shack-tickets/14069184?REFERRAL_ID=tmfeed,2026-02-21,20:00:00,America/Chicago,N/A,"['Rock', 'Pop']",['Music'],Reggies Bananna's Shack ,Chicago,IL,41.853865,-87.626767
Za5ju3rKuqZDv2vUUAQptuWnQyTpfcusPt,Los Bulls STO,event,,2026-02-21,20:00:00,America/Chicago,N/A,[],[],United Center,Chicago,IL,41.880677,-87.6740910000000119
rZ7HnEZ1AfAZxf,Big Kid Slam with Raych Jackson and Toaster,event,https://www.ticketweb.com/event/big-kid-slam-with-raych-three-top-lounge-tickets/14140894,2026-02-21,20:00:00,America/Chicago,N/A,[],['Undefined'],Three Top Lounge,Chicago,IL,41.90673,-87.65923
rZ7HnEZ1AfZFZ7,Aaron Watson - Horse Named Texas Tour,event,https://www.ticketweb.com/event/aaron-watson-horse-joes-on-weed-street-tickets/14008004,2026-02-21,20:00:00,America/Chicago,N/A,"['Country', 'Country']",['Music'],Joe's on Weed Street,Chicago,IL,41.909857,-87.65293
vv1A7ZkukGkdZC05h,Aleman & Gera MX - Rich Mafia Tour US 2026,event,https://www.ticketmaster.com/aleman-gera-mx-rich-mafia-tour-chicago-illinois-02-21-2026/event/04006346C03A42DB,2026-02-21,20:00:00,America/Chicago,N/A,"['Hip-Hop/Rap', 'Trap']",['Music'],Aragon Ballroom,Chicago,IL,41.96941873,-87.65797212
rZ7HnEZ1Af70uf,Pinebender w/ Allen Epley & Tractor Kings ft. Matt Talbot (HUM),event,https://www.ticketweb.com/event/pinebender-w-allen-epley-fitzgeralds-nightclub-tickets/14124354,2026-02-21,20:00:00,America/Chicago,N/A,"['Rock', 'Indie Rock', 'Rock', 'Indie Rock', 'Rock', 'Indie Rock', 'Rock', 'Rock']","['Music', 'Music', 'Music', 'Music']",FITZGERALDS NIGHTCLUB,Berwyn,IL,41.864890,-87.789520
1Ae0Z_dGkgGwvtf,"Funeral Plain, Woven, Static Trip",event,https://www.ticketweb.com/event/funeral-plain-woven-static-trip-reggies-music-joint-tickets/14125644?REFERRAL_ID=tmfeed,2026-02-21,20:30:00,America/Chicago,N/A,"['Rock', 'Alternative Rock']",['Music'],Reggies Music Joint,Chicago,IL,41.853988,-87.62706
rZ7HnEZ1AfvOv0,The Kevan Eftekhari Band - Record Release Show,event,https://www.ticketweb.com/event/the-kevan-eftekhari-band-tack-room-tickets/14060064,2026-02-21,21:00:00,America/Chicago,N/A,"['Rock', 'Rock']",['Music'],Tack Room,Chicago,IL,41.8576126,-87.6575068
vv1FvZvNO-qFZ7GuGF,Takuya Nakamura,event,https://www.ticketmaster.com/takuya-nakamura-chicago-illinois-02-21-2026/event/040063821748BCB7,2026-02-21,21:00:00,America/Chicago,N/A,"['Pop', 'Electro Pop']",['Music'],Outset,Chicago,IL,41.91287000,-87.66340000
rZ7HnEZ1AfvI_7,Saturday Night In The SIDEBAR w/ THE FRAN BANISH TRIO,event,https://www.ticketweb.com/event/saturday-night-in-the-sidebar-fitzgeralds-sidebar-tickets/14068644,2026-02-21,21:00:00,America/Chicago,N/A,"['Blues', 'Electric Blues']",['Music'],FITZGERALDS SIDEBAR,Berwyn,IL,41.864890,-87.789520
rZ7HnEZ1AKJ8bf,Riplock,event,https://www.ticketweb.com/event/riplock-carols-pub-tickets/13990614,2026-02-21,21:30:00,America/Chicago,N/A,"['Country', 'Country']",['Music'],Carol's Pub,Chicago,IL,41.966640,-87.666980
Z7r9jZ1A7Q9at,Ray Volpe (18 and Over with Valid Government ID),event,https://www.ticketmaster.com/event/Z7r9jZ1A7Q9at,2026-02-21,22:00:00,,N/A,"['Other', 'Other']",['Music'],Radius - Chicago,Chicago,IL,41.846600000,-87.625999000
Z7r9jZ1A7-68-,Massano with SEVENN and RIIJA (18+ Event),event,https://www.ticketmaster.com/event/Z7r9jZ1A7-68-,2026-02-21,22:00:00,,N/A,[],['Undefined'],Concord Music Hall,Chicago,IL,41.920898000,-87.702003000
vv1A6Zku8GkdFW6ha,The Chicago Theatre Tour Experience,event,https://www.ticketmaster.com/the-chicago-theatre-tour-experience-chicago-illinois-02-21-2026/event/07006350C8F476C9,2026-02-21,,America/Chicago,N/A,"['Undefined', 'Undefined']",['Miscellaneous'],The Chicago Theatre Tour Experience,Chicago,IL,41.88537000,-87.62745700
rZ7HnEZ1AfvtC7,The Rock and Roll Playhouse plays Music of Talking Heads + More for Kids,event,https://www.ticketweb.com/event/the-rock-and-roll-playhouse-thalia-hall-tickets/14069384,2026-02-22,11:30:00,America/Chicago,N/A,"['Rock', 'Rock & Roll']",['Music'],Thalia Hall,Chicago,IL,41.857717,-87.657459
rZ7HnEZ1AKJar7,Y'all's Brunch,event,https://www.ticketweb.com/event/yalls-brunch-carols-pub-tickets/13989784,2026-02-22,12:00:00,America/Chicago,N/A,[],['Undefined'],Carol's Pub,Chicago,IL,41.966640,-87.666980
rZ7HnEZ1AKPyQ7,Country Brunch in the NIGHTCLUB w/ DIAMONDBACK!,event,https://www.ticketweb.com/event/country-brunch-in-the-nightclub-fitzgeralds-nightclub-tickets/13979684,2026-02-22,12:00:00,America/Chicago,N/A,"['Country', 'Country']",['Music'],FITZGERALDS NIGHTCLUB,Berwyn,IL,41.864890,-87.789520
vv1A6ZkG7GkexKvOh,The Outsiders (Chicago),event,https://www.ticketmaster.com/the-outsiders-chicago-chicago-illinois-02-22-2026/event/07006304A24C181B,2026-02-22,13:00:00,America/Chicago,N/A,"['Theatre', 'Drama']",['Arts & Theatre'],Cadillac Palace,Chicago,IL,41.88437800,-87.63287700
Z7r9jZ1A7boPO,Hamnet,event,https://www.ticketmaster.com/event/Z7r9jZ1A7boPO,2026-02-22,14:00:00,,N/A,[],['Undefined'],Chicago Shakespeare Theater,Chicago,IL,41.894600000,-87.618698000
vv1kvYvN4bGAG6dz-,Eureka Day (Chicago),event,https://www.ticketmaster.com/eureka-day-chicago-chicago-illinois-02-22-2026/event/070063558C1C3E21,2026-02-22,14:00:00,America/Chicago,N/A,"['Theatre', 'Comedy']",['Arts & Theatre'],Broadway Playhouse at Water Tower Place,Chicago,IL,41.89839490,-87.62285710
Z7r9jZ1A7j0Zz,DePaul Blue Demons Womens Basketball vs. Xavier Musketeers Womens Basketball,event,https://www.ticketmaster.com/event/Z7r9jZ1A7j0Zz,2026-02-22,14:00:00,,N/A,"['Basketball', 'College']",['Sports'],Wintrust Arena,Chicago,IL,41.846600000,-87.625999000
Z7r9jZ1A7_gPM,Marc-Andre Hamelin,event,https://www.ticketmaster.com/event/Z7r9jZ1A7_gPM,2026-02-22,15:00:00,,N/A,"['Classical', 'Classical/Vocal']",['Music'],Orchestra Hall - IL,Chicago,IL,41.880501000,-87.624702000
rZ7HnEZ1AfZP00,Sunday Matinee Show w/ KIERAN KANE & RAYNA GELLERT,event,https://www.ticketweb.com/event/sunday-matinee-show-w-kieran-fitzgeralds-nightclub-tickets/14025924,2026-02-22,15:30:00,America/Chicago,N/A,"['Country', 'Country Folk', 'Country', 'Bluegrass']","['Music', 'Music']",FITZGERALDS NIGHTCLUB,Berwyn,IL,41.864890,-87.789520
Z7r9jZ1A7qO0S,Monsieur Chopin,event,https://www.ticketmaster.com/event/Z7r9jZ1A7qO0S,2026-02-22,16:00:00,,N/A,"['Miscellaneous', 'Miscellaneous']",['Arts & Theatre'],Harris Theater,Chicago,IL,41.885799000,-87.622902000
rZ7HnEZ1AfjJJK,"Kingston Mines ""Blues Jam"" with Mike Wheeler 5:30pm - 9pm/Nate Manos Blues Band",event,https://www.ticketweb.com/event/kingston-mines-blues-jam-with-kingston-mines-chicago-tickets/14726993,2026-02-22,17:30:00,America/Chicago,N/A,"['Blues', 'Blues', 'Blues', 'Blues', 'Blues', 'Blues']","['Music', 'Music', 'Music']",Kingston Mines - Chicago Blues Center,Chicago,IL,41.929086,-87.648951
vv178ZbVGknXW0bB,Badflower,event,https://www.ticketmaster.com/badflower-chicago-illinois-02-22-2026/event/0400634ABEF6463A,2026-02-22,18:00:00,America/Chicago,N/A,"['Rock', 'Pop']",['Music'],House of Blues Chicago,Chicago,IL,41.88811537,-87.62931962
vv1kvYvN4bGAGkKzr,Eureka Day (Chicago),event,https://www.ticketmaster.com/eureka-day-chicago-chicago-illinois-02-22-2026/event/070063558C193E1E,2026-02-22,18:30:00,America/Chicago,N/A,"['Theatre', 'Comedy']",['Arts & Theatre'],Broadway Playhouse at Water Tower Place,Chicago,IL,41.89839490,-87.62285710
1Ae0Z_dGkiJiOJG,Sugarman Allstars,event,https://www.ticketweb.com/event/sugarman-allstars-reggies-banannas-shack-tickets/14118714?REFERRAL_ID=tmfeed,2026-02-22,19:00:00,America/Chicago,N/A,"['Blues', 'Blues']",['Music'],Reggies Bananna's Shack ,Chicago,IL,41.853865,-87.626767
Za5ju3rKuqZB9_Pjgwivvf1bb4Ut0OSwW,Post Game -  Bulls vs.Knicks,event,,2026-02-22,19:00:00,America/Chicago,N/A,[],[],United Center,Chicago,IL,41.880677,-87.6740910000000119
Za5ju3rKuqZDdXXR7_njAZvhN4qed-P3Ki,FE260222,event,,2026-02-22,19:00:00,America/Chicago,N/A,[],[],United Center,Chicago,IL,41.880677,-87.6740910000000119
Za5ju3rKuqZDdrKSI6WMcujnkZ6CHrGcJI,Exit Pass -  Bulls vs.Knicks,event,,2026-02-22,19:00:00,America/Chicago,N/A,[],[],United Center,Chicago,IL,41.880677,-87.6740910000000119
Za5ju3rKuqZDegR_PFMeyGU_ABszTJmbHG,Family Room-  Bulls vs.Knicks,event,,2026-02-22,19:00:00,America/Chicago,N/A,[],[],United Center,Chicago,IL,41.880677,-87.6740910000000119
Za5ju3rKuqZDvh7i44Qwq5TBeqEY9TCBEH,New York Knicks - Premium,event,,2026-02-22,19:00:00,America/Chicago,N/A,[],[],United Center,Chicago,IL,41.880677,-87.6740910000000119
Za5ju3rKuqZDvrLI2Pj8uGczU9Q13cctIb,Ketel One Club Bulls vs. Knicks,event,,2026-02-22,19:00:00,America/Chicago,N/A,[],[],United Center,Chicago,IL,41.880677,-87.6740910000000119
vv178ZbYGkW6G0NN,Chicago Bulls vs. New York Knicks,event,https://www.ticketmaster.com/chicago-bulls-vs-new-york-knicks-chicago-illinois-02-22-2026/event/0400630F473248E3,2026-02-22,19:00:00,America/Chicago,N/A,"['Basketball', 'NBA']",['Sports'],United Center,Chicago,IL,41.88124412,-87.67427375
rZ7HnEZ1Af7e00,Welcome To The Show with Derek Bish,event,https://www.ticketweb.com/event/welcome-to-the-show-with-three-top-lounge-tickets/14102924,2026-02-22,19:00:00,America/Chicago,N/A,[],['Miscellaneous'],Three Top Lounge,Chicago,IL,41.90673,-87.65923
rZ7HnEZ1AKPy_V,Big Band & BBQ: British Buddy Big Band!,event,https://www.ticketweb.com/event/big-band-bbq-british-fitzgeralds-nightclub-tickets/13979674,2026-02-22,19:00:00,America/Chicago,N/A,"['Jazz', 'Big Band']",['Music'],FITZGERALDS NIGHTCLUB,Berwyn,IL,41.864890,-87.789520
1AtZk8YGkdESv4H,Sunday Night Live: Soultribe W/ Special Guests Yana Renea and Luv Moor,event,https://www.ticketweb.com/event/sunday-night-live-soultribe-w-reggies-music-joint-tickets/14087504?REFERRAL_ID=tmfeed,2026-02-22,20:00:00,America/Chicago,N/A,"['R&B', 'R&B']",['Music'],Reggies Music Joint,Chicago,IL,41.853988,-87.62706
vv1A6Zku8GkdFWMhG,The Chicago Theatre Tour Experience,event,https://www.ticketmaster.com/the-chicago-theatre-tour-experience-chicago-illinois-02-22-2026/event/07006350C8F776CC,2026-02-22,,America/Chicago,N/A,"['Undefined', 'Undefined']",['Miscellaneous'],The Chicago Theatre Tour Experience,Chicago,IL,41.88537000,-87.62745700
rZ7HnEZ1AfjseK,Speed Rack Chicago,event,https://www.ticketweb.com/event/speed-rack-chicago-thalia-hall-tickets/14731093,2026-02-23,17:00:00,America/Chicago,N/A,[],['Miscellaneous'],Thalia Hall,Chicago,IL,41.857717,-87.657459
Z7r9jZ1A7boP-,Hamnet,event,https://www.ticketmaster.com/event/Z7r9jZ1A7boP-,2026-02-24,19:00:00,,N/A,[],['Undefined'],Chicago Shakespeare Theater,Chicago,IL,41.894600000,-87.618698000
vv178ZbVGkU6BeoU,UIC Flames Men's Basketball v Bradley,event,https://www.ticketmaster.com/uic-flames-mens-basketball-v-bradley-chicago-illinois-02-24-2026/event/0400634D87E82476,2026-02-24,19:00:00,America/Chicago,N/A,"['Basketball', 'College']",['Sports'],Credit Union 1 Arena at UIC,Chicago,IL,41.87509170,-87.65681650
Za5ju3rKuqZBYsIJomzs5k1NKnUuB5KJj,Family Room-  Bulls vs.Hornets,event,,2026-02-24,19:00:00,America/Chicago,N/A,[],[],United Center,Chicago,IL,41.880677,-87.6740910000000119
Za5ju3rKuqZDdtKJYz2V4CsQwx55WgdVsD,Ketel One Club Bulls vs. Hornets,event,,2026-02-24,19:00:00,America/Chicago,N/A,[],[],United Center,Chicago,IL,41.880677,-87.6740910000000119
Za5ju3rKuqZDe6MPN8ZpA5atCVcddyoKLW,Exit Pass -  Bulls vs.Hornets,event,,2026-02-24,19:00:00,America/Chicago,N/A,[],[],United Center,Chicago,IL,41.880677,-87.6740910000000119
Za5ju3rKuqZDv3sLyfDgWAcaCHYPODduPl,Charlotte Hornets - Premium,event,,2026-02-24,19:00:00,America/Chicago,N/A,[],[],United Center,Chicago,IL,41.880677,-87.6740910000000119
Za5ju3rKuqZDvJx8WTZe47QtSYOfiVhFAV,Post Game -  Bulls vs.Hornets,event,,2026-02-24,19:00:00,America/Chicago,N/A,[],[],United Center,Chicago,IL,41.880677,-87.6740910000000119
Za5ju3rKuqZDvUA89PYCoF1zWtpIni2tc8,FE260224,event,,2026-02-24,19:00:00,America/Chicago,N/A,[],[],United Center,Chicago,IL,41.880677,-87.6740910000000119
vv178ZbYGkW6u7NP,Chicago Bulls vs. Charlotte Hornets,event,https://www.ticketmaster.com/chicago-bulls-vs-charlotte-hornets-chicago-illinois-02-24-2026/event/0400630F473448E5,2026-02-24,19:00:00,America/Chicago,N/A,"['Basketball', 'NBA']",['Sports'],United Center,Chicago,IL,41.88124412,-87.67427375
Z7r9jZ1A7rau3,Gogol Bordell (17 and Over),event,https://www.ticketmaster.com/event/Z7r9jZ1A7rau3,2026-02-24,19:00:00,,N/A,"['Alternative', 'Alternative Rock']",['Music'],Concord Music Hall,Chicago,IL,41.920898000,-87.702003000
rZ7HnEZ1AfAkFf,Songwriter Circle w/ host Terry White and guests Ike & Shane Reilly,event,https://www.ticketweb.com/event/songwriter-circle-w-host-terry-fitzgeralds-nightclub-tickets/14146214,2026-02-24,19:00:00,America/Chicago,N/A,"['Rock', 'Pop', 'Alternative', 'Alternative Rock', 'Rock', 'Classic Rock']","['Music', 'Music', 'Music']",FITZGERALDS NIGHTCLUB,Berwyn,IL,41.864890,-87.789520
Za5ju3rKuqZDdOWVzeDFPFlzrHlNNylh76,Skyline Meeting Room Hawks vs. Senators,event,,2026-02-24,19:45:00,America/Chicago,N/A,[],[],United Center,Chicago,IL,41.880677,-87.6740910000000119
Za5ju3rKuqZDdy1OdrSr_ep_zejR8u50HF,Divine Nine STO,event,,2026-02-24,20:00:00,America/Chicago,N/A,[],[],United Center,Chicago,IL,41.880677,-87.6740910000000119
rZ7HnEZ1Af7kG7,Kameron Marlowe - Sad Songs for the Soul Tour Unplugged,event,https://www.ticketweb.com/event/kameron-marlowe-sad-carols-pub-tickets/14106304,2026-02-24,20:00:00,America/Chicago,N/A,"['Country', 'Country']",['Music'],Carol's Pub,Chicago,IL,41.966640,-87.666980
rZ7HnEZ1AfjA-K,The STEEL WHEELS Return to FITZGERALDS!,event,https://www.ticketweb.com/event/the-steel-wheels-return-to-fitzgeralds-nightclub-tickets/14705853,2026-02-24,20:00:00,America/Chicago,N/A,"['Rock', 'Pop']",['Music'],FITZGERALDS NIGHTCLUB,Berwyn,IL,41.864890,-87.789520
Z7r9jZ1A7boPN,Hamnet,event,https://www.ticketmaster.com/event/Z7r9jZ1A7boPN,2026-02-25,13:00:00,,N/A,[],['Undefined'],Chicago Shakespeare Theater,Chicago,IL,41.894600000,-87.618698000
Z7r9jZ1A7j0ZJ,DePaul Blue Demons Womens Basketball vs. Butler University Bulldogs Womens Basketball,event,https://www.ticketmaster.com/event/Z7r9jZ1A7j0ZJ,2026-02-25,18:00:00,,N/A,"['Basketball', 'College']",['Sports'],Wintrust Arena,Chicago,IL,41.846600000,-87.625999000
rZ7HnEZ1Af7ge7,Doom Movement,event,https://www.ticketweb.com/event/doom-movement-elston-electric-tickets/14135084,2026-02-25,18:00:00,America/Chicago,N/A,[],['Sports'],Elston Electric,Chicago,IL,41.9063,-87.659
Z7r9jZ1A7qFj6,Loyola Ramblers Womens Basketball vs. Dayton Flyers Womens Basketball,event,https://www.ticketmaster.com/event/Z7r9jZ1A7qFj6,2026-02-25,18:00:00,,N/A,"['Basketball', 'College']",['Sports'],Gentile Arena,Chicago,IL,41.991001000,-87.665398000
Z7r9jZ1A7boPx,Hamnet,event,https://www.ticketmaster.com/event/Z7r9jZ1A7boPx,2026-02-25,19:00:00,,N/A,[],['Undefined'],Chicago Shakespeare Theater,Chicago,IL,41.894600000,-87.618698000
rZ7HnEZ1AfvMf0,Show & Tell for Grown-Ups,event,https://www.ticketweb.com/event/show-tell-for-grown-punch-house-tickets/14077524,2026-02-25,19:00:00,America/Chicago,N/A,[],['Undefined'],Punch House,Chicago,IL,41.857698,-87.657611
rZ7HnEZ1Af_gOd,US99 Presents: Low Dough Show with Kameron Marlowe,event,https://www.ticketweb.com/event/us99-presents-low-dough-show-joes-on-weed-street-tickets/14675803,2026-02-25,19:00:00,America/Chicago,N/A,"['Country', 'Country', 'Country', 'Country']","['Music', 'Music']",Joe's on Weed Street,Chicago,IL,41.909857,-87.65293
Z7r9jZ1A7q9Qb,Bernadette: The Musical,event,https://www.ticketmaster.com/event/Z7r9jZ1A7q9Qb,2026-02-25,19:00:00,,N/A,[],['Undefined'],Athenaeum Theatre,Chicago,IL,41.939602000,-87.656799000
Z7r9jZ1A7O-jI,Kameron Marlowe (21 and Over),event,https://www.ticketmaster.com/event/Z7r9jZ1A7O-jI,2026-02-25,19:00:00,,N/A,"['Other', 'Other']",['Music'],Joe's on Weed Street Chicago,Chicago,IL,41.954102000,-87.660500000
rZ7HnEZ1AKPyQf,JOE POLICASTRO & FRIENDS in the SIDEBAR!,event,https://www.ticketweb.com/event/joe-policastro-friends-in-fitzgeralds-sidebar-tickets/13979694,2026-02-25,19:00:00,America/Chicago,N/A,"['Jazz', 'Jazz']",['Music'],FITZGERALDS SIDEBAR,Berwyn,IL,41.864890,-87.789520
rZ7HnEZ1Af777V,"360 Oak Park - ""Wow! That's Cool""",event,https://www.ticketweb.com/event/360-oak-park-fitzgeralds-nightclub-tickets/14104134,2026-02-25,19:00:00,America/Chicago,N/A,[],['Miscellaneous'],FITZGERALDS NIGHTCLUB,Berwyn,IL,41.864890,-87.789520
vv178Z_eGkizj6Vy,Big Bad Wolf Comedy,event,https://www.ticketmaster.com/big-bad-wolf-comedy-chicago-illinois-02-25-2026/event/0400642B38707D39,2026-02-25,20:00:00,America/Chicago,N/A,"['Comedy', 'Comedy']",['Arts & Theatre'],Garcia's Chicago,Chicago,IL,41.88300000,-87.65256000
15e0Zby7vb-fV,"Primeval Well, Beastlurker, Niveous",event,https://www.ticketweb.com/event/primeval-well-beastlurker-niveous-reggies-music-joint-tickets/14009364?REFERRAL_ID=tmfeed,2026-02-25,20:00:00,America/Chicago,N/A,"['Metal', 'Nu-Metal']",['Music'],Reggies Music Joint,Chicago,IL,41.853988,-87.62706
rZ7HnEZ1AfQa4K,Langhorne Slim: The Dreamin’ Kind Tour with Laney Jones and the Spirits,event,https://www.ticketweb.com/event/langhorne-slim-the-dreamin-kind-thalia-hall-tickets/14689553,2026-02-25,20:00:00,America/Chicago,N/A,"['Rock', 'Pop', 'Rock', 'Rock & Roll']","['Music', 'Music']",Thalia Hall,Chicago,IL,41.857717,-87.657459
Za5ju3rKuqZDdgG4DZjxtk4arY2WA3YcQq,Andrea Bocelli - Premium Seating,event,,2026-02-25,20:00:00,America/Chicago,N/A,[],[],United Center,Chicago,IL,41.880677,-87.6740910000000119
vv178ZbSGklth7w6,"ANDREA BOCELLI ""Romanza - 30th Anniversary World Tour""",event,https://www.ticketmaster.com/andrea-bocelli-romanza-30th-anniversary-world-chicago-illinois-02-25-2026/event/0400633AE96C4C87,2026-02-25,20:00:00,America/Chicago,N/A,"['Classical', 'Classical/Vocal']",['Music'],United Center,Chicago,IL,41.88124412,-87.67427375
vv1a7Zku8QKZKZeCF,UIC Flames Women's Basketball v Bradley,event,https://www.ticketmaster.com/uic-flames-womens-basketball-v-bradley-chicago-illinois-02-26-2026/event/04006350693013D7,2026-02-26,11:00:00,America/Chicago,N/A,"['Basketball', 'College']",['Sports'],Credit Union 1 Arena at UIC,Chicago,IL,41.87509170,-87.65681650
rZ7HnEZ1Af7ba0,Three Top Happy Hour,event,https://www.ticketweb.com/event/three-top-happy-hour-three-top-lounge-tickets/14118264,2026-02-26,17:30:00,America/Chicago,N/A,[],['Miscellaneous'],Three Top Lounge,Chicago,IL,41.90673,-87.65923
rZ7HnEZ1AfvoZ7,Mike Wheeler Blues Band/Omar Coleman Blues Band,event,https://www.ticketweb.com/event/mike-wheeler-blues-bandomar-coleman-kingston-mines-chicago-tickets/14051004,2026-02-26,18:00:00,America/Chicago,N/A,"['Blues', 'Blues', 'Blues', 'Blues', 'Blues', 'Acoustic Blues']","['Music', 'Music', 'Music']",Kingston Mines - Chicago Blues Center,Chicago,IL,41.929086,-87.648951
rZ7HnEZ1AfvYCf,2econd Wrestling,event,https://www.ticketweb.com/event/2econd-wrestling-cubby-bear-tickets/14070394,2026-02-26,18:30:00,America/Chicago,N/A,"['Wrestling', 'Wrestling']",['Sports'],Cubby Bear,Chicago,IL,41.947012,-87.656821
rZ7HnEZ1AfjFjK,Bryce Vine - Let’s Do Something Stupid Tour,event,https://www.ticketweb.com/event/bryce-vine-lets-bottom-lounge-tickets/14708713,2026-02-26,18:40:00,America/Chicago,N/A,"['Rock', 'Pop', 'Alternative', 'Alternative', 'Alternative', 'Alternative']","['Music', 'Music', 'Music']",Bottom Lounge,Chicago,IL,41.885046,-87.661767
Z7r9jZ1A7boP0,Hamnet,event,https://www.ticketmaster.com/event/Z7r9jZ1A7boP0,2026-02-26,19:00:00,,N/A,[],['Undefined'],Chicago Shakespeare Theater,Chicago,IL,41.894600000,-87.618698000
Za5ju3rKuqZB-fp73udyvR_QcZMXMEjwk,Exit Pass -  Bulls vs.Trail Blazers,event,,2026-02-26,19:00:00,America/Chicago,N/A,[],[],United Center,Chicago,IL,41.880677,-87.6740910000000119
Za5ju3rKuqZBrwCsfPL_CJIAEbze0A8hx,Ketel One Club Bulls vs. Trail Blazers,event,,2026-02-26,19:00:00,America/Chicago,N/A,[],[],United Center,Chicago,IL,41.880677,-87.6740910000000119
Za5ju3rKuqZDdGq_xS8qPFOFOObhZCKa7u,Post Game  -  Bulls vs.Trail Blazers,event,,2026-02-26,19:00:00,America/Chicago,N/A,[],[],United Center,Chicago,IL,41.880677,-87.6740910000000119
Za5ju3rKuqZDeTv8ZK8_ukdlN1U2KX4WK7,Portland Trail Blazers - Premium,event,,2026-02-26,19:00:00,America/Chicago,N/A,[],[],United Center,Chicago,IL,41.880677,-87.6740910000000119
Za5ju3rKuqZDvBEYDOZvuZl5fURbGTWg9a,Family Room -  Bulls vs.Trail Blazers,event,,2026-02-26,19:00:00,America/Chicago,N/A,[],[],United Center,Chicago,IL,41.880677,-87.6740910000000119
Za5ju3rKuqZDvmMeN2_94aB5iI1mvAYmST,FE260226,event,,2026-02-26,19:00:00,America/Chicago,N/A,[],[],United Center,Chicago,IL,41.880677,-87.6740910000000119
vv178ZbYGkW6uVNE,Chicago Bulls vs. Portland Trail Blazers,event,https://www.ticketmaster.com/chicago-bulls-vs-portland-trail-blazers-chicago-illinois-02-26-2026/event/0400630F473748E7,2026-02-26,19:00:00,America/Chicago,N/A,"['Basketball', 'NBA']",['Sports'],United Center,Chicago,IL,41.88124412,-87.67427375
Z7r9jZ1A7OpZV,Depths of Wikipedia,event,https://www.ticketmaster.com/event/Z7r9jZ1A7OpZV,2026-02-26,19:00:00,,N/A,"['Lecture/Seminar', 'Lecture/Seminar']",['Miscellaneous'],Vic Theater,Chicago,IL,41.939602000,-87.656799000
Z7r9jZ1A7q9Q_,Bernadette: The Musical,event,https://www.ticketmaster.com/event/Z7r9jZ1A7q9Q_,2026-02-26,19:00:00,,N/A,[],['Undefined'],Athenaeum Theatre,Chicago,IL,41.939602000,-87.656799000
rZ7HnEZ1AfAtFV,GERALD DOWD'S Song Of The Month Club w/ Special Guest Fred Simon!,event,https://www.ticketweb.com/event/gerald-dowds-song-of-the-fitzgeralds-sidebar-tickets/14169234,2026-02-26,19:00:00,America/Chicago,N/A,"['Pop', 'Singer-Songwriter', 'Jazz', 'Jazz']","['Music', 'Music']",FITZGERALDS SIDEBAR,Berwyn,IL,41.864890,-87.789520
Z7r9jZ1A7rv8F,Joey Valence & Brae (Night 1),event,https://www.ticketmaster.com/event/Z7r9jZ1A7rv8F,2026-02-26,19:30:00,,N/A,"['Hip-Hop/Rap', 'Urban']",['Music'],Metro,Chicago,IL,41.939602000,-87.656799000
Za5ju3rKuqZDvavzq1A7y7ttWCrdZx_N0P,Skyline Meeting Room Hawks vs. Senators,event,,2026-02-26,19:45:00,America/Chicago,N/A,[],[],United Center,Chicago,IL,41.880677,-87.6740910000000119
vv1kvZv0a-GA50MBa,Peach Jam,event,https://www.ticketmaster.com/peach-jam-chicago-illinois-02-26-2026/event/040064261B937E89,2026-02-26,20:00:00,America/Chicago,N/A,"['Rock', 'Pop']",['Music'],Garcia's Chicago,Chicago,IL,41.88300000,-87.65256000
1AtZkuwGkdE-8xO,Jim Ryan's Classic Albums Night: Full Albums Performed Live,event,https://www.ticketweb.com/event/jim-ryans-classic-albums-night-reggies-music-joint-tickets/14702223?REFERRAL_ID=tmfeed,2026-02-26,20:00:00,America/Chicago,N/A,"['Rock', 'Pop']",['Music'],Reggies Music Joint,Chicago,IL,41.853988,-87.62706
rZ7HnEZ1Afp4qN,Say She She: Cut & Rewind Tour with Katzù Oso,event,https://www.ticketweb.com/event/say-she-she-cut-thalia-hall-tickets/14595763,2026-02-26,20:00:00,America/Chicago,N/A,"['Dance/Electronic', 'Disco', 'World', 'Latin']","['Music', 'Music']",Thalia Hall,Chicago,IL,41.857717,-87.657459
