id,name,type,url,start_date,start_time,timezone,description,keywords,categories,venue_name,venue_city,venue_state,venue_lat,venue_long,event_text
vv1A6ZkG7Gkex2oLY,The Outsiders (Chicago),event,https://www.ticketmaster.com/the-outsiders-chicago-chicago-illinois-02-18-2026/event/07006304A23D17F0,2026-02-18,13:00:00,America/Chicago,,"['Theatre', 'Drama']",['Arts & Theatre'],Cadillac Palace,Chicago,IL,41.884378,-87.632877,"Event: The Outsiders (Chicago) | Type: event | Categories: ['Arts & Theatre'] | Keywords: ['Theatre', 'Drama'] | Venue: Cadillac Palace | Location: Chicago, IL | Starts: 2026-02-18 13:00:00 | Timezone: America/Chicago"
Z7r9jZ1A7boPK,Hamnet,event,https://www.ticketmaster.com/event/Z7r9jZ1A7boPK,2026-02-18,13:00:00,,,[],['Undefined'],Chicago Shakespeare Theater,Chicago,IL,41.8946,-87.618698,"Event: Hamnet | Type: event | Categories: ['Undefined'] | Keywords: [] | Venue: Chicago Shakespeare Theater | Location: Chicago, IL | Starts: 2026-02-18 13:00:00"
Za5ju3rKuqZDvQ283_9K_F9bWmwSkTqy8l,Skate Party - Shoot the Puck,event,,2026-02-18,13:00:00,America/Chicago,,[],[],United Center,Chicago,IL,41.88124411999999,-87.67427375,"Event: Skate Party - Shoot the Puck | Type: event | Categories: [] | Keywords: [] | Venue: United Center | Location: Chicago, IL | Starts: 2026-02-18 13:00:00 | Timezone: America/Chicago"
vv1A7ZkoAGkdItBn-,Chicago Public League,event,https://www.ticketmaster.com/chicago-public-league-chicago-illinois-02-18-2026/event/04006445E8A7AAA1,2026-02-18,18:00:00,America/Chicago,,"['Basketball', 'High School']",['Sports'],Credit Union 1 Arena at UIC,Chicago,IL,41.8750917,-87.6568165,"Event: Chicago Public League | Type: event | Categories: ['Sports'] | Keywords: ['Basketball', 'High School'] | Venue: Credit Union 1 Arena at UIC | Location: Chicago, IL | Starts: 2026-02-18 18:00:00 | Timezone: America/Chicago"
Z7r9jZ1A7qFjk,Loyola Ramblers Womens Basketball vs. George Mason Patriots Womens Basketball,event,https://www.ticketmaster.com/event/Z7r9jZ1A7qFjk,2026-02-18,18:00:00,,,"['Basketball', 'College']",['Sports'],Gentile Arena,Chicago,IL,41.991001,-87.665398,"Event: Loyola Ramblers Womens Basketball vs. George Mason Patriots Womens Basketball | Type: event | Categories: ['Sports'] | Keywords: ['Basketball', 'College'] | Venue: Gentile Arena | Location: Chicago, IL | Starts: 2026-02-18 18:00:00"
vv1A6ZkG7GkexC-L0,The Outsiders (Chicago),event,https://www.ticketmaster.com/the-outsiders-chicago-chicago-illinois-02-18-2026/event/07006304A23A17E4,2026-02-18,19:00:00,America/Chicago,,"['Theatre', 'Drama']",['Arts & Theatre'],Cadillac Palace,Chicago,IL,41.884378,-87.632877,"Event: The Outsiders (Chicago) | Type: event | Categories: ['Arts & Theatre'] | Keywords: ['Theatre', 'Drama'] | Venue: Cadillac Palace | Location: Chicago, IL | Starts: 2026-02-18 19:00:00 | Timezone: America/Chicago"
Z7r9jZ1A7boPf,Hamnet,event,https://www.ticketmaster.com/event/Z7r9jZ1A7boPf,2026-02-18,19:00:00,,,[],['Undefined'],Chicago Shakespeare Theater,Chicago,IL,41.8946,-87.618698,"Event: Hamnet | Type: event | Categories: ['Undefined'] | Keywords: [] | Venue: Chicago Shakespeare Theater | Location: Chicago, IL | Starts: 2026-02-18 19:00:00"
vv1kvYvN4bGAGeNMQ,Eureka Day (Chicago),event,https://www.ticketmaster.com/eureka-day-chicago-chicago-illinois-02-18-2026/event/070063558C0A3DDA,2026-02-18,19:00:00,America/Chicago,,"['Theatre', 'Comedy']",['Arts & Theatre'],Broadway Playhouse at Water Tower Place,Chicago,IL,41.8983949,-87.6228571,"Event: Eureka Day (Chicago) | Type: event | Categories: ['Arts & Theatre'] | Keywords: ['Theatre', 'Comedy'] | Venue: Broadway Playhouse at Water Tower Place | Location: Chicago, IL | Starts: 2026-02-18 19:00:00 | Timezone: America/Chicago"
Za5ju3rKuqZDdx_VL1dFo59yvU51iZ_99K,2025 NIHL Premier Selects Championships,event,,2026-02-18,19:00:00,America/Chicago,,[],[],United Center,Chicago,IL,41.88124411999999,-87.67427375,"Event: 2025 NIHL Premier Selects Championships | Type: event | Categories: [] | Keywords: [] | Venue: United Center | Location: Chicago, IL | Starts: 2026-02-18 19:00:00 | Timezone: America/Chicago"
Z7r9jZ1A7q9Qf,Bernadette: The Musical,event,https://www.ticketmaster.com/event/Z7r9jZ1A7q9Qf,2026-02-18,19:00:00,,,[],['Undefined'],Athenaeum Theatre,Chicago,IL,41.939602,-87.656799,"Event: Bernadette: The Musical | Type: event | Categories: ['Undefined'] | Keywords: [] | Venue: Athenaeum Theatre | Location: Chicago, IL | Starts: 2026-02-18 19:00:00"
rZ7HnEZ1AKJkff,THE MOTH STORYSLAM at FITZGERALDS: LOVE WINS,event,https://www.ticketweb.com/event/the-moth-storyslam-at-fitzgeralds-fitzgeralds-nightclub-tickets/13986514,2026-02-18,19:00:00,America/Chicago,,[],['Miscellaneous'],FITZGERALDS NIGHTCLUB,Berwyn,IL,41.86489,-87.78952,"Event: THE MOTH STORYSLAM at FITZGERALDS: LOVE WINS | Type: event | Categories: ['Miscellaneous'] | Keywords: [] | Venue: FITZGERALDS NIGHTCLUB | Location: Berwyn, IL | Starts: 2026-02-18 19:00:00 | Timezone: America/Chicago"
rZ7HnEZ1AKPybV,JOEL PATERSON TRIO in the SIDEBAR!,event,https://www.ticketweb.com/event/joel-paterson-trio-in-the-fitzgeralds-sidebar-tickets/13979634,2026-02-18,19:00:00,America/Chicago,,"['Blues', 'Jazz Blues']",['Music'],FITZGERALDS SIDEBAR,Berwyn,IL,41.86489,-87.78952,"Event: JOEL PATERSON TRIO in the SIDEBAR! | Type: event | Categories: ['Music'] | Keywords: ['Blues', 'Jazz Blues'] | Venue: FITZGERALDS SIDEBAR | Location: Berwyn, IL | Starts: 2026-02-18 19:00:00 | Timezone: America/Chicago"
1AtZk8MGkdldYzu,"Aliejha, Bella Moss, Caro Granner",event,https://www.ticketweb.com/event/aliejha-bella-moss-caro-granner-reggies-music-joint-tickets/14109094?REFERRAL_ID=tmfeed,2026-02-18,19:30:00,America/Chicago,,"['Folk', 'Indie Folk']",['Music'],Reggies Music Joint,Chicago,IL,41.853988,-87.62706,"Event: Aliejha, Bella Moss, Caro Granner | Type: event | Categories: ['Music'] | Keywords: ['Folk', 'Indie Folk'] | Venue: Reggies Music Joint | Location: Chicago, IL | Starts: 2026-02-18 19:30:00 | Timezone: America/Chicago"
vv1A7ZkCkGkdPDI7E,George Porter JR & Runnin' Pardners,event,https://www.ticketmaster.com/george-porter-jr-runnin-pardners-chicago-illinois-02-18-2026/event/04006386E5EE8127,2026-02-18,20:00:00,America/Chicago,,"['R&B', 'R&B']",['Music'],Garcia's Chicago,Chicago,IL,41.883,-87.65256,"Event: George Porter JR & Runnin' Pardners | Type: event | Categories: ['Music'] | Keywords: ['R&B', 'R&B'] | Venue: Garcia's Chicago | Location: Chicago, IL | Starts: 2026-02-18 20:00:00 | Timezone: America/Chicago"
vv1A7ZkCAGkd06t3A,Freya Skye - Stars Align Tour,event,https://www.ticketmaster.com/freya-skye-stars-align-tour-chicago-illinois-02-18-2026/event/04006385E41E9485,2026-02-18,20:00:00,America/Chicago,,"['Pop', 'Pop']",['Music'],The Salt Shed Indoors (Shed),Chicago,IL,41.9063,-87.659,"Event: Freya Skye - Stars Align Tour | Type: event | Categories: ['Music'] | Keywords: ['Pop', 'Pop'] | Venue: The Salt Shed Indoors (Shed) | Location: Chicago, IL | Starts: 2026-02-18 20:00:00 | Timezone: America/Chicago"
Z7r9jZ1A7ja-p,Monolink,event,https://www.ticketmaster.com/event/Z7r9jZ1A7ja-p,2026-02-18,20:00:00,,,"['Other', 'Other']",['Music'],Vic Theater,Chicago,IL,41.939602,-87.656799,"Event: Monolink | Type: event | Categories: ['Music'] | Keywords: ['Other', 'Other'] | Venue: Vic Theater | Location: Chicago, IL | Starts: 2026-02-18 20:00:00"
Za5ju3rKuqZDe2iGJ7JHA1sbz470Veavpo,Center Ice Photo,event,,2026-02-18,22:30:00,America/Chicago,,[],[],United Center,Chicago,IL,41.88124411999999,-87.67427375,"Event: Center Ice Photo | Type: event | Categories: [] | Keywords: [] | Venue: United Center | Location: Chicago, IL | Starts: 2026-02-18 22:30:00 | Timezone: America/Chicago"
Za5ju3rKuqZDv08j7HlQquiyNVfr5Umu2e,STH Pregame Party,event,,2026-02-19,17:30:00,America/Chicago,,[],[],United Center,Chicago,IL,41.880677,-87.67409100000002,"Event: STH Pregame Party | Type: event | Categories: [] | Keywords: [] | Venue: United Center | Location: Chicago, IL | Starts: 2026-02-19 17:30:00 | Timezone: America/Chicago"
rZ7HnEZ1Af7ba7,Three Top Happy Hour,event,https://www.ticketweb.com/event/three-top-happy-hour-three-top-lounge-tickets/14118244,2026-02-19,17:30:00,America/Chicago,,[],['Miscellaneous'],Three Top Lounge,Chicago,IL,41.90673,-87.65923,"Event: Three Top Happy Hour | Type: event | Categories: ['Miscellaneous'] | Keywords: [] | Venue: Three Top Lounge | Location: Chicago, IL | Starts: 2026-02-19 17:30:00 | Timezone: America/Chicago"
vv178ZbgGkUDVFdW,Chicago Comedy Club,event,https://www.ticketmaster.com/chicago-comedy-club-chicago-illinois-02-19-2026/event/0400635DBBD080FD,2026-02-19,18:00:00,America/Chicago,,"['Comedy', 'Comedy']",['Arts & Theatre'],Foundation Room at House of Blues Chicago,Chicago,IL,41.88829,-87.62884,"Event: Chicago Comedy Club | Type: event | Categories: ['Arts & Theatre'] | Keywords: ['Comedy', 'Comedy'] | Venue: Foundation Room at House of Blues Chicago | Location: Chicago, IL | Starts: 2026-02-19 18:00:00 | Timezone: America/Chicago"
rZ7HnEZ1Af7sCf,Judges Joke,event,https://www.ticketweb.com/event/judges-joke-bottom-lounge-tickets/14131394,2026-02-19,18:00:00,America/Chicago,,[],['Miscellaneous'],Bottom Lounge,Chicago,IL,41.885046,-87.661767,"Event: Judges Joke | Type: event | Categories: ['Miscellaneous'] | Keywords: [] | Venue: Bottom Lounge | Location: Chicago, IL | Starts: 2026-02-19 18:00:00 | Timezone: America/Chicago"
rZ7HnEZ1AfvoF0,Joanna Connor Blues Band/TBD,event,https://www.ticketweb.com/event/joanna-connor-blues-bandtbd-kingston-mines-chicago-tickets/14051224,2026-02-19,18:00:00,America/Chicago,,"['Blues', 'Blues', 'Blues', 'Blues', 'Blues', 'Acoustic Blues']","['Music', 'Music', 'Music']",Kingston Mines - Chicago Blues Center,Chicago,IL,41.929086,-87.648951,"Event: Joanna Connor Blues Band/TBD | Type: event | Categories: ['Music', 'Music', 'Music'] | Keywords: ['Blues', 'Blues', 'Blues', 'Blues', 'Blues', 'Acoustic Blues'] | Venue: Kingston Mines - Chicago Blues Center | Location: Chicago, IL | Starts: 2026-02-19 18:00:00 | Timezone: America/Chicago"
vv1A6ZkG7Gkex8vOA,The Outsiders (Chicago),event,https://www.ticketmaster.com/the-outsiders-chicago-chicago-illinois-02-19-2026/event/07006304A2401805,2026-02-19,19:00:00,America/Chicago,,"['Theatre', 'Drama']",['Arts & Theatre'],Cadillac Palace,Chicago,IL,41.884378,-87.632877,"Event: The Outsiders (Chicago) | Type: event | Categories: ['Arts & Theatre'] | Keywords: ['Theatre', 'Drama'] | Venue: Cadillac Palace | Location: Chicago, IL | Starts: 2026-02-19 19:00:00 | Timezone: America/Chicago"
vv17jZbgGkMxy9nd,Jim Gaffigan: Everything is Wonderful!,event,https://www.ticketmaster.com/jim-gaffigan-everything-is-wonderful-chicago-illinois-02-19-2026/event/0700635DE2E57A83,2026-02-19,19:00:00,America/Chicago,,"['Comedy', 'Comedy']",['Arts & Theatre'],The Chicago Theatre,Chicago,IL,41.88537,-87.627457,"Event: Jim Gaffigan: Everything is Wonderful! | Type: event | Categories: ['Arts & Theatre'] | Keywords: ['Comedy', 'Comedy'] | Venue: The Chicago Theatre | Location: Chicago, IL | Starts: 2026-02-19 19:00:00 | Timezone: America/Chicago"
Z7r9jZ1A7boP4,Hamnet,event,https://www.ticketmaster.com/event/Z7r9jZ1A7boP4,2026-02-19,19:00:00,,,[],['Undefined'],Chicago Shakespeare Theater,Chicago,IL,41.8946,-87.618698,"Event: Hamnet | Type: event | Categories: ['Undefined'] | Keywords: [] | Venue: Chicago Shakespeare Theater | Location: Chicago, IL | Starts: 2026-02-19 19:00:00"
vv1kvYvN4bGAGdKze,Eureka Day (Chicago),event,https://www.ticketmaster.com/eureka-day-chicago-chicago-illinois-02-19-2026/event/070063558C0D3E02,2026-02-19,19:00:00,America/Chicago,,"['Theatre', 'Comedy']",['Arts & Theatre'],Broadway Playhouse at Water Tower Place,Chicago,IL,41.8983949,-87.6228571,"Event: Eureka Day (Chicago) | Type: event | Categories: ['Arts & Theatre'] | Keywords: ['Theatre', 'Comedy'] | Venue: Broadway Playhouse at Water Tower Place | Location: Chicago, IL | Starts: 2026-02-19 19:00:00 | Timezone: America/Chicago"
Za5ju3rKuqZBL8SENfd_ZlBiHzEf4saUR,FE260219,event,,2026-02-19,19:00:00,America/Chicago,,[],[],United Center,Chicago,IL,41.880677,-87.67409100000002,"Event: FE260219 | Type: event | Categories: [] | Keywords: [] | Venue: United Center | Location: Chicago, IL | Starts: 2026-02-19 19:00:00 | Timezone: America/Chicago"
Za5ju3rKuqZDdiy8CwUxyejaNkI6BIzjTu,Ketel One Club Bulls vs. Raptors,event,,2026-02-19,19:00:00,America/Chicago,,[],[],United Center,Chicago,IL,41.880677,-87.67409100000002,"Event: Ketel One Club Bulls vs. Raptors | Type: event | Categories: [] | Keywords: [] | Venue: United Center | Location: Chicago, IL | Starts: 2026-02-19 19:00:00 | Timezone: America/Chicago"
Za5ju3rKuqZDduQRcuDIteJ1T2xnZrWboL,Exit Pass -  Bulls vs. Raptors,event,,2026-02-19,19:00:00,America/Chicago,,[],[],United Center,Chicago,IL,41.880677,-87.67409100000002,"Event: Exit Pass -  Bulls vs. Raptors | Type: event | Categories: [] | Keywords: [] | Venue: United Center | Location: Chicago, IL | Starts: 2026-02-19 19:00:00 | Timezone: America/Chicago"
Za5ju3rKuqZDvS0VUETRcuKl9qaT01RWYu,Family Room -  Bulls vs. Raptors,event,,2026-02-19,19:00:00,America/Chicago,,[],[],United Center,Chicago,IL,41.880677,-87.67409100000002,"Event: Family Room -  Bulls vs. Raptors | Type: event | Categories: [] | Keywords: [] | Venue: United Center | Location: Chicago, IL | Starts: 2026-02-19 19:00:00 | Timezone: America/Chicago"
Za5ju3rKuqZDvTivakNoaGmDcksnp9MVm4,Post Game -  Bulls vs. Raptors,event,,2026-02-19,19:00:00,America/Chicago,,[],[],United Center,Chicago,IL,41.880677,-87.67409100000002,"Event: Post Game -  Bulls vs. Raptors | Type: event | Categories: [] | Keywords: [] | Venue: United Center | Location: Chicago, IL | Starts: 2026-02-19 19:00:00 | Timezone: America/Chicago"
Za5ju3rKuqZDvU6ZXgBOu1T5vMWhkOfcLp,Skyline Meeting Room Raptors,event,,2026-02-19,19:00:00,America/Chicago,,[],[],United Center,Chicago,IL,41.880677,-87.67409100000002,"Event: Skyline Meeting Room Raptors | Type: event | Categories: [] | Keywords: [] | Venue: United Center | Location: Chicago, IL | Starts: 2026-02-19 19:00:00 | Timezone: America/Chicago"
Za5ju3rKuqZDv_iDd8pUy6Q1HPNnjMYhzj,Toronto Raptors - Premium,event,,2026-02-19,19:00:00,America/Chicago,,[],[],United Center,Chicago,IL,41.880677,-87.67409100000002,"Event: Toronto Raptors - Premium | Type: event | Categories: [] | Keywords: [] | Venue: United Center | Location: Chicago, IL | Starts: 2026-02-19 19:00:00 | Timezone: America/Chicago"
vv178ZbYGkW657Nh,Chicago Bulls vs. Toronto Raptors,event,https://www.ticketmaster.com/chicago-bulls-vs-toronto-raptors-chicago-illinois-02-19-2026/event/0400630F472C48DB,2026-02-19,19:00:00,America/Chicago,,"['Basketball', 'NBA']",['Sports'],United Center,Chicago,IL,41.88124412,-87.67427375,"Event: Chicago Bulls vs. Toronto Raptors | Type: event | Categories: ['Sports'] | Keywords: ['Basketball', 'NBA'] | Venue: United Center | Location: Chicago, IL | Starts: 2026-02-19 19:00:00 | Timezone: America/Chicago"
Z7r9jZ1A7q9Q4,Bernadette: The Musical,event,https://www.ticketmaster.com/event/Z7r9jZ1A7q9Q4,2026-02-19,19:00:00,,,[],['Undefined'],Athenaeum Theatre,Chicago,IL,41.939602,-87.656799,"Event: Bernadette: The Musical | Type: event | Categories: ['Undefined'] | Keywords: [] | Venue: Athenaeum Theatre | Location: Chicago, IL | Starts: 2026-02-19 19:00:00"
rZ7HnEZ1AfAPe7,"Greystone w/ Sabina, Nick Reeves",event,https://www.ticketweb.com/event/greystone-w-sabina-nick-reeves-cubby-bear-tickets/14165084,2026-02-19,19:00:00,America/Chicago,,"['Alternative', 'Alternative Rock', 'Alternative', 'Alternative Rock', 'Rock', 'Rock']","['Music', 'Music', 'Music']",Cubby Bear,Chicago,IL,41.947012,-87.656821,"Event: Greystone w/ Sabina, Nick Reeves | Type: event | Categories: ['Music', 'Music', 'Music'] | Keywords: ['Alternative', 'Alternative Rock', 'Alternative', 'Alternative Rock', 'Rock', 'Rock'] | Venue: Cubby Bear | Location: Chicago, IL | Starts: 2026-02-19 19:00:00 | Timezone: America/Chicago"
rZ7HnEZ1AfAxv0,THE SCOVILLES Live in the Sidebar!,event,https://www.ticketweb.com/event/the-scovilles-live-in-the-fitzgeralds-sidebar-tickets/14162064,2026-02-19,19:00:00,America/Chicago,,['Other'],['Music'],FITZGERALDS SIDEBAR,Berwyn,IL,41.86489,-87.78952,"Event: THE SCOVILLES Live in the Sidebar! | Type: event | Categories: ['Music'] | Keywords: ['Other'] | Venue: FITZGERALDS SIDEBAR | Location: Berwyn, IL | Starts: 2026-02-19 19:00:00 | Timezone: America/Chicago"
Z7r9jZ1A7_gPV,Makela Conducts Ein Heldenleben,event,https://www.ticketmaster.com/event/Z7r9jZ1A7_gPV,2026-02-19,19:30:00,,,"['Classical', 'Classical/Vocal']",['Music'],Orchestra Hall - IL,Chicago,IL,41.880501,-87.624702,"Event: Makela Conducts Ein Heldenleben | Type: event | Categories: ['Music'] | Keywords: ['Classical', 'Classical/Vocal'] | Venue: Orchestra Hall - IL | Location: Chicago, IL | Starts: 2026-02-19 19:30:00"
rZ7HnEZ1AfuUqK,*CANCELLED* Loyle Carner with Navy Blue,event,https://www.ticketweb.com/event/cancelled-loyle-carner-with-navy-thalia-hall-tickets/14376753,2026-02-19,19:30:00,America/Chicago,,"['Hip-Hop/Rap', 'Hip-Hop/Rap', 'Other']","['Music', 'Music']",Thalia Hall,Chicago,IL,41.857717,-87.657459,"Event: *CANCELLED* Loyle Carner with Navy Blue | Type: event | Categories: ['Music', 'Music'] | Keywords: ['Hip-Hop/Rap', 'Hip-Hop/Rap', 'Other'] | Venue: Thalia Hall | Location: Chicago, IL | Starts: 2026-02-19 19:30:00 | Timezone: America/Chicago"
vv1A7ZkCkGkdPHF7t,George Porter JR & Runnin' Pardners,event,https://www.ticketmaster.com/george-porter-jr-runnin-pardners-chicago-illinois-02-19-2026/event/04006386E5F08129,2026-02-19,20:00:00,America/Chicago,,"['R&B', 'R&B']",['Music'],Garcia's Chicago,Chicago,IL,41.883,-87.65256,"Event: George Porter JR & Runnin' Pardners | Type: event | Categories: ['Music'] | Keywords: ['R&B', 'R&B'] | Venue: Garcia's Chicago | Location: Chicago, IL | Starts: 2026-02-19 20:00:00 | Timezone: America/Chicago"
1Ae0ZbzGkWvSsD8,"Lo Essencial, Direccion Contraria, Expoetix",event,https://www.ticketweb.com/event/lo-essencial-direccion-contraria-expoetix-reggies-music-joint-tickets/14004864?REFERRAL_ID=tmfeed,2026-02-19,20:00:00,America/Chicago,,"['Rock', 'Pop']",['Music'],Reggies Music Joint,Chicago,IL,41.853988,-87.62706,"Event: Lo Essencial, Direccion Contraria, Expoetix | Type: event | Categories: ['Music'] | Keywords: ['Rock', 'Pop'] | Venue: Reggies Music Joint | Location: Chicago, IL | Starts: 2026-02-19 20:00:00 | Timezone: America/Chicago"
Za5ju3rKuqZDerXp9rXd-7EI0ogVMfffSv,Lithuanian  STO,event,,2026-02-19,20:00:00,America/Chicago,,[],[],United Center,Chicago,IL,41.880677,-87.67409100000002,"Event: Lithuanian  STO | Type: event | Categories: [] | Keywords: [] | Venue: United Center | Location: Chicago, IL | Starts: 2026-02-19 20:00:00 | Timezone: America/Chicago"
rZ7HnEZ1AfbMZd,Tyler Halverson - In Defense Of Drinking Tour with Angel White,event,https://www.ticketweb.com/event/tyler-halverson-in-carols-pub-tickets/14637003,2026-02-19,20:00:00,America/Chicago,,"['Country', 'Country', 'Country', 'Country']","['Music', 'Music']",Carol's Pub,Chicago,IL,41.96664,-87.66698,"Event: Tyler Halverson - In Defense Of Drinking Tour with Angel White | Type: event | Categories: ['Music', 'Music'] | Keywords: ['Country', 'Country', 'Country', 'Country'] | Venue: Carol's Pub | Location: Chicago, IL | Starts: 2026-02-19 20:00:00 | Timezone: America/Chicago"
rZ7HnEZ1AfjSAd,Ernie Hendrickson Band w/ special guest Sophie Coyote,event,https://www.ticketweb.com/event/ernie-hendrickson-band-w-special-fitzgeralds-nightclub-tickets/14733143,2026-02-19,20:30:00,America/Chicago,,"['Rock', 'Pop', 'Other']","['Music', 'Music']",FITZGERALDS NIGHTCLUB,Berwyn,IL,41.86489,-87.78952,"Event: Ernie Hendrickson Band w/ special guest Sophie Coyote | Type: event | Categories: ['Music', 'Music'] | Keywords: ['Rock', 'Pop', 'Other'] | Venue: FITZGERALDS NIGHTCLUB | Location: Berwyn, IL | Starts: 2026-02-19 20:30:00 | Timezone: America/Chicago"
rZ7HnEZ1AfvUF7,Pachanka Music Presents: Julio Churches!,event,https://www.ticketweb.com/event/pachanka-music-presents-julio-churches-fitzgeralds-sidebar-tickets/14076204,2026-02-19,21:00:00,America/Chicago,,"['World', 'Latin']",['Music'],FITZGERALDS SIDEBAR,Berwyn,IL,41.86489,-87.78952,"Event: Pachanka Music Presents: Julio Churches! | Type: event | Categories: ['Music'] | Keywords: ['World', 'Latin'] | Venue: FITZGERALDS SIDEBAR | Location: Berwyn, IL | Starts: 2026-02-19 21:00:00 | Timezone: America/Chicago"
16tZk8wo-ZAGe5C5,Classic Stadium Tour,event,https://www.ticketweb.com/event/classic-stadium-tour-soldier-field-tickets/14092074?REFERRAL_ID=tmfeed,2026-02-20,11:00:00,America/Chicago,,"['Miscellaneous', 'Miscellaneous']",['Sports'],Soldier Field,Chicago,IL,41.86205404,-87.61682143,"Event: Classic Stadium Tour | Type: event | Categories: ['Sports'] | Keywords: ['Miscellaneous', 'Miscellaneous'] | Venue: Soldier Field | Location: Chicago, IL | Starts: 2026-02-20 11:00:00 | Timezone: America/Chicago"
16tZk8woSZA8e52k,Classic Stadium Tour,event,https://www.ticketweb.com/event/classic-stadium-tour-soldier-field-tickets/14092084?REFERRAL_ID=tmfeed,2026-02-20,12:30:00,America/Chicago,,"['Miscellaneous', 'Miscellaneous']",['Sports'],Soldier Field,Chicago,IL,41.86205404,-87.61682143,"Event: Classic Stadium Tour | Type: event | Categories: ['Sports'] | Keywords: ['Miscellaneous', 'Miscellaneous'] | Venue: Soldier Field | Location: Chicago, IL | Starts: 2026-02-20 12:30:00 | Timezone: America/Chicago"
rZ7HnEZ1Af7IO7,"Sidebar Happy Hour w/   Violent Themmes ( featuring Ian Leith, Paul Obis and Tom Valenzano)",event,https://www.ticketweb.com/event/sidebar-happy-hour-w-fitzgeralds-sidebar-tickets/14128804,2026-02-20,17:30:00,America/Chicago,,"['Folk', 'Americana']",['Music'],FITZGERALDS SIDEBAR,Berwyn,IL,41.86489,-87.78952,"Event: Sidebar Happy Hour w/   Violent Themmes ( featuring Ian Leith, Paul Obis and Tom Valenzano) | Type: event | Categories: ['Music'] | Keywords: ['Folk', 'Americana'] | Venue: FITZGERALDS SIDEBAR | Location: Berwyn, IL | Starts: 2026-02-20 17:30:00 | Timezone: America/Chicago"
vv1A7ZkoAGkdIl1nl,Chicago Public League,event,https://www.ticketmaster.com/chicago-public-league-chicago-illinois-02-20-2026/event/04006445E8ACAAAB,2026-02-20,18:00:00,America/Chicago,,"['Basketball', 'High School']",['Sports'],Credit Union 1 Arena at UIC,Chicago,IL,41.8750917,-87.6568165,"Event: Chicago Public League | Type: event | Categories: ['Sports'] | Keywords: ['Basketball', 'High School'] | Venue: Credit Union 1 Arena at UIC | Location: Chicago, IL | Starts: 2026-02-20 18:00:00 | Timezone: America/Chicago"
rZ7HnEZ1Afep47,Honey with DJ CashEra,event,https://www.ticketweb.com/event/honey-with-dj-cashera-three-top-lounge-tickets/14096544,2026-02-20,18:00:00,America/Chicago,,"['R&B', 'R&B']",['Music'],Three Top Lounge,Chicago,IL,41.90673,-87.65923,"Event: Honey with DJ CashEra | Type: event | Categories: ['Music'] | Keywords: ['R&B', 'R&B'] | Venue: Three Top Lounge | Location: Chicago, IL | Starts: 2026-02-20 18:00:00 | Timezone: America/Chicago"
vv1kvZv0F8GA1yzyt,Next Showcase USA,event,https://www.ticketmaster.com/next-showcase-usa-chicago-illinois-02-20-2026/event/040064210AE78E69,2026-02-20,18:30:00,America/Chicago,,"['Other', 'Other']",['Music'],Foundation Room at House of Blues Chicago,Chicago,IL,41.88829,-87.62884,"Event: Next Showcase USA | Type: event | Categories: ['Music'] | Keywords: ['Other', 'Other'] | Venue: Foundation Room at House of Blues Chicago | Location: Chicago, IL | Starts: 2026-02-20 18:30:00 | Timezone: America/Chicago"
vv1A6ZkG7Gkex8sO5,The Outsiders (Chicago),event,https://www.ticketmaster.com/the-outsiders-chicago-chicago-illinois-02-20-2026/event/07006304A243180B,2026-02-20,19:00:00,America/Chicago,,"['Theatre', 'Drama']",['Arts & Theatre'],Cadillac Palace,Chicago,IL,41.884378,-87.632877,"Event: The Outsiders (Chicago) | Type: event | Categories: ['Arts & Theatre'] | Keywords: ['Theatre', 'Drama'] | Venue: Cadillac Palace | Location: Chicago, IL | Starts: 2026-02-20 19:00:00 | Timezone: America/Chicago"
vv17jZbgGkMxB9nA,Jim Gaffigan: Everything is Wonderful!,event,https://www.ticketmaster.com/jim-gaffigan-everything-is-wonderful-chicago-illinois-02-20-2026/event/0700635DE2E97A85,2026-02-20,19:00:00,America/Chicago,,"['Comedy', 'Comedy']",['Arts & Theatre'],The Chicago Theatre,Chicago,IL,41.88537,-87.627457,"Event: Jim Gaffigan: Everything is Wonderful! | Type: event | Categories: ['Arts & Theatre'] | Keywords: ['Comedy', 'Comedy'] | Venue: The Chicago Theatre | Location: Chicago, IL | Starts: 2026-02-20 19:00:00 | Timezone: America/Chicago"
Z7r9jZ1A7boPp,Hamnet,event,https://www.ticketmaster.com/event/Z7r9jZ1A7boPp,2026-02-20,19:00:00,,,[],['Undefined'],Chicago Shakespeare Theater,Chicago,IL,41.8946,-87.618698,"Event: Hamnet | Type: event | Categories: ['Undefined'] | Keywords: [] | Venue: Chicago Shakespeare Theater | Location: Chicago, IL | Starts: 2026-02-20 19:00:00"
vv1kvYvN4bGAG7dz3,Eureka Day (Chicago),event,https://www.ticketmaster.com/eureka-day-chicago-chicago-illinois-02-20-2026/event/070063558C103E12,2026-02-20,19:00:00,America/Chicago,,"['Theatre', 'Comedy']",['Arts & Theatre'],Broadway Playhouse at Water Tower Place,Chicago,IL,41.8983949,-87.6228571,"Event: Eureka Day (Chicago) | Type: event | Categories: ['Arts & Theatre'] | Keywords: ['Theatre', 'Comedy'] | Venue: Broadway Playhouse at Water Tower Place | Location: Chicago, IL | Starts: 2026-02-20 19:00:00 | Timezone: America/Chicago"
rZ7HnEZ1AfA-37,MELT ICE - A Stand With Minnesota Benefit Show,event,https://www.ticketweb.com/event/melt-ice-a-bottom-lounge-tickets/14161484,2026-02-20,19:00:00,America/Chicago,,"['Alternative', 'Goth', 'Metal', 'Goth Metal', 'Rock', 'Alternative', 'Goth', 'Alternative', 'Goth', 'Alternative', 'Goth', 'Alternative', 'Alternative Rock']","['Music', 'Music', 'Music', 'Music', 'Music', 'Music', 'Music']",Bottom Lounge,Chicago,IL,41.885046,-87.661767,"Event: MELT ICE - A Stand With Minnesota Benefit Show | Type: event | Categories: ['Music', 'Music', 'Music', 'Music', 'Music', 'Music', 'Music'] | Keywords: ['Alternative', 'Goth', 'Metal', 'Goth Metal', 'Rock', 'Alternative', 'Goth', 'Alternative', 'Goth', 'Alternative', 'Goth', 'Alternative', 'Alternative Rock'] | Venue: Bottom Lounge | Location: Chicago, IL | Starts: 2026-02-20 19:00:00 | Timezone: America/Chicago"
rZ7HnEZ1AfZKC7,Kickback to Kirkwood- Chicago's Biggest IU Party!,event,https://www.ticketweb.com/event/kickback-to-kirkwood-chicagos-joes-on-weed-street-tickets/14013384,2026-02-20,19:00:00,America/Chicago,,[],['Miscellaneous'],Joe's on Weed Street,Chicago,IL,41.909857,-87.65293,"Event: Kickback to Kirkwood- Chicago's Biggest IU Party! | Type: event | Categories: ['Miscellaneous'] | Keywords: [] | Venue: Joe's on Weed Street | Location: Chicago, IL | Starts: 2026-02-20 19:00:00 | Timezone: America/Chicago"
rZ7HnEZ1Afv8kf,Joanna Connor Blues Band/Omar Coleman Blues Band,event,https://www.ticketweb.com/event/joanna-connor-blues-bandomar-coleman-kingston-mines-chicago-tickets/14050194,2026-02-20,19:00:00,America/Chicago,,"['Blues', 'Blues', 'Blues', 'Blues', 'Blues', 'Acoustic Blues']","['Music', 'Music', 'Music']",Kingston Mines - Chicago Blues Center,Chicago,IL,41.929086,-87.648951,"Event: Joanna Connor Blues Band/Omar Coleman Blues Band | Type: event | Categories: ['Music', 'Music', 'Music'] | Keywords: ['Blues', 'Blues', 'Blues', 'Blues', 'Blues', 'Acoustic Blues'] | Venue: Kingston Mines - Chicago Blues Center | Location: Chicago, IL | Starts: 2026-02-20 19:00:00 | Timezone: America/Chicago"
Z7r9jZ1A7q9Qp,Bernadette: The Musical,event,https://www.ticketmaster.com/event/Z7r9jZ1A7q9Qp,2026-02-20,19:00:00,,,[],['Undefined'],Athenaeum Theatre,Chicago,IL,41.939602,-87.656799,"Event: Bernadette: The Musical | Type: event | Categories: ['Undefined'] | Keywords: [] | Venue: Athenaeum Theatre | Location: Chicago, IL | Starts: 2026-02-20 19:00:00"
Z7r9jZ1A7_gPg,Makela Conducts Ein Heldenleben,event,https://www.ticketmaster.com/event/Z7r9jZ1A7_gPg,2026-02-20,19:30:00,,,"['Classical', 'Classical/Vocal']",['Music'],Orchestra Hall - IL,Chicago,IL,41.880501,-87.624702,"Event: Makela Conducts Ein Heldenleben | Type: event | Categories: ['Music'] | Keywords: ['Classical', 'Classical/Vocal'] | Venue: Orchestra Hall - IL | Location: Chicago, IL | Starts: 2026-02-20 19:30:00"
rZ7HnEZ1Afb0pK,THE LONE BELLOW 2026 TOUR with Fabrizio,event,https://www.ticketweb.com/event/the-lone-bellow-2026-tour-thalia-hall-tickets/14624593,2026-02-20,19:30:00,America/Chicago,,"['Folk', 'Americana', 'Country', 'Country']","['Music', 'Music']",Thalia Hall,Chicago,IL,41.857717,-87.657459,"Event: THE LONE BELLOW 2026 TOUR with Fabrizio | Type: event | Categories: ['Music', 'Music'] | Keywords: ['Folk', 'Americana', 'Country', 'Country'] | Venue: Thalia Hall | Location: Chicago, IL | Starts: 2026-02-20 19:30:00 | Timezone: America/Chicago"
rZ7HnEZ1AfeoZ7,"Ruby w/ Coach House, Fighting Godot",event,https://www.ticketweb.com/event/ruby-w-coach-house-fighting-cubby-bear-tickets/14091004,2026-02-20,19:30:00,America/Chicago,,"['Alternative', 'Alternative', 'Rock', 'Indie Rock', 'Rock', 'Rock']","['Music', 'Music', 'Music']",Cubby Bear,Chicago,IL,41.947012,-87.656821,"Event: Ruby w/ Coach House, Fighting Godot | Type: event | Categories: ['Music', 'Music', 'Music'] | Keywords: ['Alternative', 'Alternative', 'Rock', 'Indie Rock', 'Rock', 'Rock'] | Venue: Cubby Bear | Location: Chicago, IL | Starts: 2026-02-20 19:30:00 | Timezone: America/Chicago"
Z7r9jZ1A7q8_K,Rich Brian,event,https://www.ticketmaster.com/event/Z7r9jZ1A7q8_K,2026-02-20,19:30:00,,,"['Other', 'Other']",['Music'],Riviera Theatre- IL,Chicago,IL,41.971401,-87.660301,"Event: Rich Brian | Type: event | Categories: ['Music'] | Keywords: ['Other', 'Other'] | Venue: Riviera Theatre- IL | Location: Chicago, IL | Starts: 2026-02-20 19:30:00"
vv1A7ZkuNGkegQp-g,Schur,event,https://www.ticketmaster.com/schur-chicago-illinois-02-20-2026/event/04006363B5696875,2026-02-20,20:00:00,America/Chicago,,"['Rock', 'Pop']",['Music'],Garcia's Chicago,Chicago,IL,41.883,-87.65256,"Event: Schur | Type: event | Categories: ['Music'] | Keywords: ['Rock', 'Pop'] | Venue: Garcia's Chicago | Location: Chicago, IL | Starts: 2026-02-20 20:00:00 | Timezone: America/Chicago"
1Ae0ZbzGkHyJoBD,"Embittered, Ashbringer, Vukari, Motherless",event,https://www.ticketweb.com/event/embittered-ashbringer-vukari-motherless-reggies-rock-club-tickets/14004774?REFERRAL_ID=tmfeed,2026-02-20,20:00:00,America/Chicago,,"['Metal', 'Nu-Metal']",['Music'],Reggies Rock Club,Chicago,IL,41.853988,-87.62706,"Event: Embittered, Ashbringer, Vukari, Motherless | Type: event | Categories: ['Music'] | Keywords: ['Metal', 'Nu-Metal'] | Venue: Reggies Rock Club | Location: Chicago, IL | Starts: 2026-02-20 20:00:00 | Timezone: America/Chicago"
vv178ZbUGkDKtzHV,Wooli,event,https://www.ticketmaster.com/wooli-chicago-illinois-02-20-2026/event/0400636ED3A78F34,2026-02-20,20:00:00,America/Chicago,,"['Pop', 'Electro Pop']",['Music'],The Salt Shed Indoors (Shed),Chicago,IL,41.9063,-87.659,"Event: Wooli | Type: event | Categories: ['Music'] | Keywords: ['Pop', 'Electro Pop'] | Venue: The Salt Shed Indoors (Shed) | Location: Chicago, IL | Starts: 2026-02-20 20:00:00 | Timezone: America/Chicago"
vv1kvZvNOOGA1Bqrz,Justin Bieber Night: Presented by Stan Society,event,https://www.ticketmaster.com/justin-bieber-night-presented-by-stan-chicago-illinois-02-20-2026/event/040063820AE9D7B8,2026-02-20,20:30:00,America/Chicago,,"['Pop', 'Electro Pop']",['Music'],House of Blues Chicago,Chicago,IL,41.88811537,-87.62931962,"Event: Justin Bieber Night: Presented by Stan Society | Type: event | Categories: ['Music'] | Keywords: ['Pop', 'Electro Pop'] | Venue: House of Blues Chicago | Location: Chicago, IL | Starts: 2026-02-20 20:30:00 | Timezone: America/Chicago"
1Ae0Z_dGkzpM-U2,"You Died, James the Boneless, Black Cat Heart Attack",event,https://www.ticketweb.com/event/you-died-james-the-boneless-reggies-music-joint-tickets/14127114?REFERRAL_ID=tmfeed,2026-02-20,20:30:00,America/Chicago,,"['Rock', 'Pop']",['Music'],Reggies Music Joint,Chicago,IL,41.853988,-87.62706,"Event: You Died, James the Boneless, Black Cat Heart Attack | Type: event | Categories: ['Music'] | Keywords: ['Rock', 'Pop'] | Venue: Reggies Music Joint | Location: Chicago, IL | Starts: 2026-02-20 20:30:00 | Timezone: America/Chicago"
1Ae0ZbzGki43vrO,"Sonus Umbra, Kingery",event,https://www.ticketweb.com/event/sonus-umbra-kingery-reggies-banannas-shack-tickets/13995424?REFERRAL_ID=tmfeed,2026-02-20,20:30:00,America/Chicago,,"['Rock', 'Pop']",['Music'],Reggies Bananna's Shack ,Chicago,IL,41.853865,-87.626767,"Event: Sonus Umbra, Kingery | Type: event | Categories: ['Music'] | Keywords: ['Rock', 'Pop'] | Venue: Reggies Bananna's Shack  | Location: Chicago, IL | Starts: 2026-02-20 20:30:00 | Timezone: America/Chicago"
rZ7HnEZ1AfQf7d,VANESSA COLLIER Returns to FITZGERALDS Nightclub!,event,https://www.ticketweb.com/event/vanessa-collier-returns-to-fitzgeralds-fitzgeralds-nightclub-tickets/14694103,2026-02-20,20:30:00,America/Chicago,,"['Blues', 'Blues']",['Music'],FITZGERALDS NIGHTCLUB,Berwyn,IL,41.86489,-87.78952,"Event: VANESSA COLLIER Returns to FITZGERALDS Nightclub! | Type: event | Categories: ['Music'] | Keywords: ['Blues', 'Blues'] | Venue: FITZGERALDS NIGHTCLUB | Location: Berwyn, IL | Starts: 2026-02-20 20:30:00 | Timezone: America/Chicago"
vv178Z_eGkY8Xye4,Tara Yummy's Mindset,event,https://www.ticketmaster.com/tara-yummys-mindset-chicago-illinois-02-20-2026/event/0400642C10FB9095,2026-02-20,21:00:00,America/Chicago,,"['Pop', 'Electro Pop']",['Music'],Outset,Chicago,IL,41.91287,-87.6634,"Event: Tara Yummy's Mindset | Type: event | Categories: ['Music'] | Keywords: ['Pop', 'Electro Pop'] | Venue: Outset | Location: Chicago, IL | Starts: 2026-02-20 21:00:00 | Timezone: America/Chicago"
rZ7HnEZ1AKPy_7,Friday Night in the SIDEBAR w/ The Meadowlark Lemons!,event,https://www.ticketweb.com/event/friday-night-in-the-sidebar-fitzgeralds-sidebar-tickets/13979644,2026-02-20,21:00:00,America/Chicago,,"['Jazz', 'Fusion']",['Music'],FITZGERALDS SIDEBAR,Berwyn,IL,41.86489,-87.78952,"Event: Friday Night in the SIDEBAR w/ The Meadowlark Lemons! | Type: event | Categories: ['Music'] | Keywords: ['Jazz', 'Fusion'] | Venue: FITZGERALDS SIDEBAR | Location: Berwyn, IL | Starts: 2026-02-20 21:00:00 | Timezone: America/Chicago"
rZ7HnEZ1AKJekf,Blue Rose,event,https://www.ticketweb.com/event/blue-rose-carols-pub-tickets/13982194,2026-02-20,21:30:00,America/Chicago,,"['Rock', 'Pop']",['Music'],Carol's Pub,Chicago,IL,41.96664,-87.66698,"Event: Blue Rose | Type: event | Categories: ['Music'] | Keywords: ['Rock', 'Pop'] | Venue: Carol's Pub | Location: Chicago, IL | Starts: 2026-02-20 21:30:00 | Timezone: America/Chicago"
rZ7HnEZ1AfZ7Cf,Late Shift,event,https://www.ticketweb.com/event/late-shift-joes-on-weed-street-tickets/14004394,2026-02-20,22:00:00,America/Chicago,,['Other'],['Music'],Joe's on Weed Street,Chicago,IL,41.909857,-87.65293,"Event: Late Shift | Type: event | Categories: ['Music'] | Keywords: ['Other'] | Venue: Joe's on Weed Street | Location: Chicago, IL | Starts: 2026-02-20 22:00:00 | Timezone: America/Chicago"
vv1A6Zku8GkdFHEhe,The Chicago Theatre Tour Experience,event,https://www.ticketmaster.com/the-chicago-theatre-tour-experience-chicago-illinois-02-20-2026/event/07006350C8F276C2,2026-02-20,,America/Chicago,,"['Undefined', 'Undefined']",['Miscellaneous'],The Chicago Theatre Tour Experience,Chicago,IL,41.88537,-87.627457,"Event: The Chicago Theatre Tour Experience | Type: event | Categories: ['Miscellaneous'] | Keywords: ['Undefined', 'Undefined'] | Venue: The Chicago Theatre Tour Experience | Location: Chicago, IL | Starts: 2026-02-20 | Timezone: America/Chicago"
rZ7HnEZ1AKPy_0,FAMILY FUN IN THE CLUB w/ MR. DAVE MUSIC,event,https://www.ticketweb.com/event/family-fun-in-the-club-fitzgeralds-nightclub-tickets/13979664,2026-02-21,10:15:00,America/Chicago,,[],['Undefined'],FITZGERALDS NIGHTCLUB,Berwyn,IL,41.86489,-87.78952,"Event: FAMILY FUN IN THE CLUB w/ MR. DAVE MUSIC | Type: event | Categories: ['Undefined'] | Keywords: [] | Venue: FITZGERALDS NIGHTCLUB | Location: Berwyn, IL | Starts: 2026-02-21 10:15:00 | Timezone: America/Chicago"
1Ae0Z_7GkH-d-Cm,Vip Stadium Tour,event,https://www.ticketweb.com/event/vip-stadium-tour-soldier-field-tickets/14164624?REFERRAL_ID=tmfeed,2026-02-21,10:30:00,America/Chicago,,"['Miscellaneous', 'Miscellaneous']",['Sports'],Soldier Field,Chicago,IL,41.86205404,-87.61682143,"Event: Vip Stadium Tour | Type: event | Categories: ['Sports'] | Keywords: ['Miscellaneous', 'Miscellaneous'] | Venue: Soldier Field | Location: Chicago, IL | Starts: 2026-02-21 10:30:00 | Timezone: America/Chicago"
rZ7HnEZ1AfAYpf,**In BABYGOLD DIning Room** American Music Festival '26 YOUTUBE PLAYLIST Watch-Party in BABYGOLD Dining Room!,event,https://www.ticketweb.com/event/in-babygold-dining-room-american-fitzgeralds-nightclub-tickets/14170594,2026-02-21,12:00:00,America/Chicago,,[],['Miscellaneous'],FITZGERALDS NIGHTCLUB,Berwyn,IL,41.86489,-87.78952,"Event: **In BABYGOLD DIning Room** American Music Festival '26 YOUTUBE PLAYLIST Watch-Party in BABYGOLD Dining Room! | Type: event | Categories: ['Miscellaneous'] | Keywords: [] | Venue: FITZGERALDS NIGHTCLUB | Location: Berwyn, IL | Starts: 2026-02-21 12:00:00 | Timezone: America/Chicago"
1Ae0Z_7GkH-d-CJ,Vip Stadium Tour,event,https://www.ticketweb.com/event/vip-stadium-tour-soldier-field-tickets/14164634?REFERRAL_ID=tmfeed,2026-02-21,12:30:00,America/Chicago,,"['Miscellaneous', 'Miscellaneous']",['Sports'],Soldier Field,Chicago,IL,41.86205404,-87.61682143,"Event: Vip Stadium Tour | Type: event | Categories: ['Sports'] | Keywords: ['Miscellaneous', 'Miscellaneous'] | Venue: Soldier Field | Location: Chicago, IL | Starts: 2026-02-21 12:30:00 | Timezone: America/Chicago"
vv1A6ZkG7Gkex3oOb,The Outsiders (Chicago),event,https://www.ticketmaster.com/the-outsiders-chicago-chicago-illinois-02-21-2026/event/07006304A2491818,2026-02-21,14:00:00,America/Chicago,,"['Theatre', 'Drama']",['Arts & Theatre'],Cadillac Palace,Chicago,IL,41.884378,-87.632877,"Event: The Outsiders (Chicago) | Type: event | Categories: ['Arts & Theatre'] | Keywords: ['Theatre', 'Drama'] | Venue: Cadillac Palace | Location: Chicago, IL | Starts: 2026-02-21 14:00:00 | Timezone: America/Chicago"
Z7r9jZ1A7boPb,Hamnet,event,https://www.ticketmaster.com/event/Z7r9jZ1A7boPb,2026-02-21,14:00:00,,,[],['Undefined'],Chicago Shakespeare Theater,Chicago,IL,41.8946,-87.618698,"Event: Hamnet | Type: event | Categories: ['Undefined'] | Keywords: [] | Venue: Chicago Shakespeare Theater | Location: Chicago, IL | Starts: 2026-02-21 14:00:00"
vv178ZbVGkU6y3oV,UIC Flames Men's Basketball v Valparaiso,event,https://www.ticketmaster.com/uic-flames-mens-basketball-v-valparaiso-chicago-illinois-02-21-2026/event/0400634D87E52474,2026-02-21,14:00:00,America/Chicago,,"['Basketball', 'College']",['Sports'],Credit Union 1 Arena at UIC,Chicago,IL,41.8750917,-87.6568165,"Event: UIC Flames Men's Basketball v Valparaiso | Type: event | Categories: ['Sports'] | Keywords: ['Basketball', 'College'] | Venue: Credit Union 1 Arena at UIC | Location: Chicago, IL | Starts: 2026-02-21 14:00:00 | Timezone: America/Chicago"
vv1kvYvN4bGAGANzb,Eureka Day (Chicago),event,https://www.ticketmaster.com/eureka-day-chicago-chicago-illinois-02-21-2026/event/070063558C163E18,2026-02-21,14:00:00,America/Chicago,,"['Theatre', 'Comedy']",['Arts & Theatre'],Broadway Playhouse at Water Tower Place,Chicago,IL,41.8983949,-87.6228571,"Event: Eureka Day (Chicago) | Type: event | Categories: ['Arts & Theatre'] | Keywords: ['Theatre', 'Comedy'] | Venue: Broadway Playhouse at Water Tower Place | Location: Chicago, IL | Starts: 2026-02-21 14:00:00 | Timezone: America/Chicago"
Z7r9jZ1A7q9Q9,Bernadette: The Musical,event,https://www.ticketmaster.com/event/Z7r9jZ1A7q9Q9,2026-02-21,14:00:00,,,[],['Undefined'],Athenaeum Theatre,Chicago,IL,41.939602,-87.656799,"Event: Bernadette: The Musical | Type: event | Categories: ['Undefined'] | Keywords: [] | Venue: Athenaeum Theatre | Location: Chicago, IL | Starts: 2026-02-21 14:00:00"
vv1kvYv0aIGACIeVQ,Jim Gaffigan: Everything is Wonderful!,event,https://www.ticketmaster.com/jim-gaffigan-everything-is-wonderful-chicago-illinois-02-21-2026/event/070064268EA02D1A,2026-02-21,17:00:00,America/Chicago,,"['Comedy', 'Comedy']",['Arts & Theatre'],The Chicago Theatre,Chicago,IL,41.88537,-87.627457,"Event: Jim Gaffigan: Everything is Wonderful! | Type: event | Categories: ['Arts & Theatre'] | Keywords: ['Comedy', 'Comedy'] | Venue: The Chicago Theatre | Location: Chicago, IL | Starts: 2026-02-21 17:00:00 | Timezone: America/Chicago"
rZ7HnEZ1Af_tkd,*SOLD OUT* Earlybirds Club,event,https://www.ticketweb.com/event/sold-out-earlybirds-club-thalia-hall-tickets/14669183,2026-02-21,18:00:00,America/Chicago,,[],['Miscellaneous'],Thalia Hall,Chicago,IL,41.857717,-87.657459,"Event: *SOLD OUT* Earlybirds Club | Type: event | Categories: ['Miscellaneous'] | Keywords: [] | Venue: Thalia Hall | Location: Chicago, IL | Starts: 2026-02-21 18:00:00 | Timezone: America/Chicago"
Za5ju3rKuqZDeRpI7G5YAaS5nJel8t_Tiu,Watch Party at Revolution Brewing,event,,2026-02-21,18:30:00,America/Chicago,,[],[],Chicago Fire FC Event,Chicago,IL,41.88254,-87.62921,"Event: Watch Party at Revolution Brewing | Type: event | Categories: [] | Keywords: [] | Venue: Chicago Fire FC Event | Location: Chicago, IL | Starts: 2026-02-21 18:30:00 | Timezone: America/Chicago"
rZ7HnEZ1Af7F-V,"goodkitty w/ Jawson Dell, damsel.",event,https://www.ticketweb.com/event/goodkitty-w-jawson-dell-damsel-cubby-bear-tickets/14108874,2026-02-21,18:30:00,America/Chicago,,"['Pop', 'Indie Pop', 'Pop', 'Indie Pop', 'Pop', 'Indie Pop']","['Music', 'Music', 'Music']",Cubby Bear,Chicago,IL,41.947012,-87.656821,"Event: goodkitty w/ Jawson Dell, damsel. | Type: event | Categories: ['Music', 'Music', 'Music'] | Keywords: ['Pop', 'Indie Pop', 'Pop', 'Indie Pop', 'Pop', 'Indie Pop'] | Venue: Cubby Bear | Location: Chicago, IL | Starts: 2026-02-21 18:30:00 | Timezone: America/Chicago"
Z7r9jZ1A7boP9,Hamnet,event,https://www.ticketmaster.com/event/Z7r9jZ1A7boP9,2026-02-21,19:00:00,,,[],['Undefined'],Chicago Shakespeare Theater,Chicago,IL,41.8946,-87.618698,"Event: Hamnet | Type: event | Categories: ['Undefined'] | Keywords: [] | Venue: Chicago Shakespeare Theater | Location: Chicago, IL | Starts: 2026-02-21 19:00:00"
rZ7HnEZ1AfA-q7,ICE OUT - A Stand With Minnesota Benefit Show,event,https://www.ticketweb.com/event/ice-out-a-bottom-lounge-tickets/14161744,2026-02-21,19:00:00,America/Chicago,,"['Alternative', 'Alternative Rock', 'Alternative', 'Alternative Rock', 'Alternative', 'Indie Pop', 'Alternative', 'Alternative Rock']","['Music', 'Music', 'Music', 'Music']",Bottom Lounge,Chicago,IL,41.885046,-87.661767,"Event: ICE OUT - A Stand With Minnesota Benefit Show | Type: event | Categories: ['Music', 'Music', 'Music', 'Music'] | Keywords: ['Alternative', 'Alternative Rock', 'Alternative', 'Alternative Rock', 'Alternative', 'Indie Pop', 'Alternative', 'Alternative Rock'] | Venue: Bottom Lounge | Location: Chicago, IL | Starts: 2026-02-21 19:00:00 | Timezone: America/Chicago"
Z7r9jZ1A7jfFa,DePaul Blue Demons Mens Basketball vs. Providence College Friars Mens Basketball,event,https://www.ticketmaster.com/event/Z7r9jZ1A7jfFa,2026-02-21,19:00:00,,,"['Basketball', 'College']",['Sports'],Wintrust Arena,Chicago,IL,41.8466,-87.625999,"Event: DePaul Blue Demons Mens Basketball vs. Providence College Friars Mens Basketball | Type: event | Categories: ['Sports'] | Keywords: ['Basketball', 'College'] | Venue: Wintrust Arena | Location: Chicago, IL | Starts: 2026-02-21 19:00:00"
Za5ju3rKuqZDdS2sehHtavvabNIHvwUyTc,Post Game  -  Bulls vs. Pistons,event,,2026-02-21,19:00:00,America/Chicago,,[],[],United Center,Chicago,IL,41.880677,-87.67409100000002,"Event: Post Game  -  Bulls vs. Pistons | Type: event | Categories: [] | Keywords: [] | Venue: United Center | Location: Chicago, IL | Starts: 2026-02-21 19:00:00 | Timezone: America/Chicago"
Za5ju3rKuqZDdXKrkl3os60lplLPSTUPnB,Exit Pass -  Bulls vs. Pistons,event,,2026-02-21,19:00:00,America/Chicago,,[],[],United Center,Chicago,IL,41.880677,-87.67409100000002,"Event: Exit Pass -  Bulls vs. Pistons | Type: event | Categories: [] | Keywords: [] | Venue: United Center | Location: Chicago, IL | Starts: 2026-02-21 19:00:00 | Timezone: America/Chicago"
Za5ju3rKuqZDdrduYhEEcG_1o72ZNLKzgg,Family Room -  Bulls vs. Pistons,event,,2026-02-21,19:00:00,America/Chicago,,[],[],United Center,Chicago,IL,41.880677,-87.67409100000002,"Event: Family Room -  Bulls vs. Pistons | Type: event | Categories: [] | Keywords: [] | Venue: United Center | Location: Chicago, IL | Starts: 2026-02-21 19:00:00 | Timezone: America/Chicago"
Za5ju3rKuqZDez3Yd_9_WksnXLwbF5CUdU,Ketel One Club Bulls vs. Pistons,event,,2026-02-21,19:00:00,America/Chicago,,[],[],United Center,Chicago,IL,41.880677,-87.67409100000002,"Event: Ketel One Club Bulls vs. Pistons | Type: event | Categories: [] | Keywords: [] | Venue: United Center | Location: Chicago, IL | Starts: 2026-02-21 19:00:00 | Timezone: America/Chicago"
Za5ju3rKuqZDvZ7F4Mx0g7tyZ__RWOB-ZI,Detroit Pistons - Premium,event,,2026-02-21,19:00:00,America/Chicago,,[],[],United Center,Chicago,IL,41.880677,-87.67409100000002,"Event: Detroit Pistons - Premium | Type: event | Categories: [] | Keywords: [] | Venue: United Center | Location: Chicago, IL | Starts: 2026-02-21 19:00:00 | Timezone: America/Chicago"
Za5ju3rKuqZDvscQkzF7gGp1ET8iP42dnb,FE260221,event,,2026-02-21,19:00:00,America/Chicago,,[],[],United Center,Chicago,IL,41.880677,-87.67409100000002,"Event: FE260221 | Type: event | Categories: [] | Keywords: [] | Venue: United Center | Location: Chicago, IL | Starts: 2026-02-21 19:00:00 | Timezone: America/Chicago"
vv178ZbYGkW65VNL,Chicago Bulls vs. Detroit Pistons,event,https://www.ticketmaster.com/chicago-bulls-vs-detroit-pistons-chicago-illinois-02-21-2026/event/0400630F472F48DF,2026-02-21,19:00:00,America/Chicago,,"['Basketball', 'NBA']",['Sports'],United Center,Chicago,IL,41.88124412,-87.67427375,"Event: Chicago Bulls vs. Detroit Pistons | Type: event | Categories: ['Sports'] | Keywords: ['Basketball', 'NBA'] | Venue: United Center | Location: Chicago, IL | Starts: 2026-02-21 19:00:00 | Timezone: America/Chicago"
rZ7HnEZ1AfvFq7,Joanna Connor Blues Band/Omar Coleman Blues Band,event,https://www.ticketweb.com/event/joanna-connor-blues-bandomar-coleman-kingston-mines-chicago-tickets/14048744,2026-02-21,19:00:00,America/Chicago,,"['Blues', 'Blues', 'Blues', 'Blues', 'Blues', 'Acoustic Blues']","['Music', 'Music', 'Music']",Kingston Mines - Chicago Blues Center,Chicago,IL,41.929086,-87.648951,"Event: Joanna Connor Blues Band/Omar Coleman Blues Band | Type: event | Categories: ['Music', 'Music', 'Music'] | Keywords: ['Blues', 'Blues', 'Blues', 'Blues', 'Blues', 'Acoustic Blues'] | Venue: Kingston Mines - Chicago Blues Center | Location: Chicago, IL | Starts: 2026-02-21 19:00:00 | Timezone: America/Chicago"
Z7r9jZ1A7qIb8,Alfred Robles (18+),event,https://www.ticketmaster.com/event/Z7r9jZ1A7qIb8,2026-02-21,19:00:00,,,"['Miscellaneous', 'Miscellaneous']",['Arts & Theatre'],Vic Theater,Chicago,IL,41.939602,-87.656799,"Event: Alfred Robles (18+) | Type: event | Categories: ['Arts & Theatre'] | Keywords: ['Miscellaneous', 'Miscellaneous'] | Venue: Vic Theater | Location: Chicago, IL | Starts: 2026-02-21 19:00:00"
Z7r9jZ1A7_gPU,Makela Conducts Ein Heldenleben,event,https://www.ticketmaster.com/event/Z7r9jZ1A7_gPU,2026-02-21,19:30:00,,,"['Classical', 'Classical/Vocal']",['Music'],Orchestra Hall - IL,Chicago,IL,41.880501,-87.624702,"Event: Makela Conducts Ein Heldenleben | Type: event | Categories: ['Music'] | Keywords: ['Classical', 'Classical/Vocal'] | Venue: Orchestra Hall - IL | Location: Chicago, IL | Starts: 2026-02-21 19:30:00"
Z7r9jZ1A7rp_9,Joffrey Ballet,event,https://www.ticketmaster.com/event/Z7r9jZ1A7rp_9,2026-02-21,19:30:00,,,[],['Arts & Theatre'],Civic Opera House,Chicago,IL,41.881802,-87.636703,"Event: Joffrey Ballet | Type: event | Categories: ['Arts & Theatre'] | Keywords: [] | Venue: Civic Opera House | Location: Chicago, IL | Starts: 2026-02-21 19:30:00"
vv1A6ZkG7Gkexo-Of,The Outsiders (Chicago),event,https://www.ticketmaster.com/the-outsiders-chicago-chicago-illinois-02-21-2026/event/07006304A2461814,2026-02-21,19:30:00,America/Chicago,,"['Theatre', 'Drama']",['Arts & Theatre'],Cadillac Palace,Chicago,IL,41.884378,-87.632877,"Event: The Outsiders (Chicago) | Type: event | Categories: ['Arts & Theatre'] | Keywords: ['Theatre', 'Drama'] | Venue: Cadillac Palace | Location: Chicago, IL | Starts: 2026-02-21 19:30:00 | Timezone: America/Chicago"
vv178ZbwGkIAUV3q,Sixteen Candles,event,https://www.ticketmaster.com/sixteen-candles-chicago-illinois-02-21-2026/event/0400632A05DB449D,2026-02-21,19:30:00,America/Chicago,,"['Rock', 'Pop']",['Music'],House of Blues Chicago,Chicago,IL,41.88811537,-87.62931962,"Event: Sixteen Candles | Type: event | Categories: ['Music'] | Keywords: ['Rock', 'Pop'] | Venue: House of Blues Chicago | Location: Chicago, IL | Starts: 2026-02-21 19:30:00 | Timezone: America/Chicago"
vv1kvYvN4bGAG7Szp,Eureka Day (Chicago),event,https://www.ticketmaster.com/eureka-day-chicago-chicago-illinois-02-21-2026/event/070063558C133E16,2026-02-21,19:30:00,America/Chicago,,"['Theatre', 'Comedy']",['Arts & Theatre'],Broadway Playhouse at Water Tower Place,Chicago,IL,41.8983949,-87.6228571,"Event: Eureka Day (Chicago) | Type: event | Categories: ['Arts & Theatre'] | Keywords: ['Theatre', 'Comedy'] | Venue: Broadway Playhouse at Water Tower Place | Location: Chicago, IL | Starts: 2026-02-21 19:30:00 | Timezone: America/Chicago"
vv17jZbgGkMxD9n6,Jim Gaffigan: Everything is Wonderful!,event,https://www.ticketmaster.com/jim-gaffigan-everything-is-wonderful-chicago-illinois-02-21-2026/event/0700635DE2ED7A87,2026-02-21,20:00:00,America/Chicago,,"['Comedy', 'Comedy']",['Arts & Theatre'],The Chicago Theatre,Chicago,IL,41.88537,-87.627457,"Event: Jim Gaffigan: Everything is Wonderful! | Type: event | Categories: ['Arts & Theatre'] | Keywords: ['Comedy', 'Comedy'] | Venue: The Chicago Theatre | Location: Chicago, IL | Starts: 2026-02-21 20:00:00 | Timezone: America/Chicago"
vv1A7ZkC8GkdRragg,Liquid Soul,event,https://www.ticketmaster.com/liquid-soul-chicago-illinois-02-21-2026/event/04006390EF789D75,2026-02-21,20:00:00,America/Chicago,,"['Jazz', 'Jazz']",['Music'],Garcia's Chicago,Chicago,IL,41.883,-87.65256,"Event: Liquid Soul | Type: event | Categories: ['Music'] | Keywords: ['Jazz', 'Jazz'] | Venue: Garcia's Chicago | Location: Chicago, IL | Starts: 2026-02-21 20:00:00 | Timezone: America/Chicago"
1AtZkG-GkdqA3qw,"Author & Punisher, King Yosef, Black Magnet, Wretched Blessing",event,https://www.ticketweb.com/event/author-punisher-king-yosef-reggies-rock-club-tickets/14531503?REFERRAL_ID=tmfeed,2026-02-21,20:00:00,America/Chicago,,"['Metal', 'Nu-Metal']",['Music'],Reggies Rock Club,Chicago,IL,41.853988,-87.62706,"Event: Author & Punisher, King Yosef, Black Magnet, Wretched Blessing | Type: event | Categories: ['Music'] | Keywords: ['Metal', 'Nu-Metal'] | Venue: Reggies Rock Club | Location: Chicago, IL | Starts: 2026-02-21 20:00:00 | Timezone: America/Chicago"
16e0Z_ePdG7zoh7,"Super Creeps, Big Time",event,https://www.ticketweb.com/event/super-creeps-big-time-reggies-banannas-shack-tickets/14069184?REFERRAL_ID=tmfeed,2026-02-21,20:00:00,America/Chicago,,"['Rock', 'Pop']",['Music'],Reggies Bananna's Shack ,Chicago,IL,41.853865,-87.626767,"Event: Super Creeps, Big Time | Type: event | Categories: ['Music'] | Keywords: ['Rock', 'Pop'] | Venue: Reggies Bananna's Shack  | Location: Chicago, IL | Starts: 2026-02-21 20:00:00 | Timezone: America/Chicago"
Za5ju3rKuqZDv2vUUAQptuWnQyTpfcusPt,Los Bulls STO,event,,2026-02-21,20:00:00,America/Chicago,,[],[],United Center,Chicago,IL,41.880677,-87.67409100000002,"Event: Los Bulls STO | Type: event | Categories: [] | Keywords: [] | Venue: United Center | Location: Chicago, IL | Starts: 2026-02-21 20:00:00 | Timezone: America/Chicago"
rZ7HnEZ1AfAZxf,Big Kid Slam with Raych Jackson and Toaster,event,https://www.ticketweb.com/event/big-kid-slam-with-raych-three-top-lounge-tickets/14140894,2026-02-21,20:00:00,America/Chicago,,[],['Undefined'],Three Top Lounge,Chicago,IL,41.90673,-87.65923,"Event: Big Kid Slam with Raych Jackson and Toaster | Type: event | Categories: ['Undefined'] | Keywords: [] | Venue: Three Top Lounge | Location: Chicago, IL | Starts: 2026-02-21 20:00:00 | Timezone: America/Chicago"
rZ7HnEZ1AfZFZ7,Aaron Watson - Horse Named Texas Tour,event,https://www.ticketweb.com/event/aaron-watson-horse-joes-on-weed-street-tickets/14008004,2026-02-21,20:00:00,America/Chicago,,"['Country', 'Country']",['Music'],Joe's on Weed Street,Chicago,IL,41.909857,-87.65293,"Event: Aaron Watson - Horse Named Texas Tour | Type: event | Categories: ['Music'] | Keywords: ['Country', 'Country'] | Venue: Joe's on Weed Street | Location: Chicago, IL | Starts: 2026-02-21 20:00:00 | Timezone: America/Chicago"
vv1A7ZkukGkdZC05h,Aleman & Gera MX - Rich Mafia Tour US 2026,event,https://www.ticketmaster.com/aleman-gera-mx-rich-mafia-tour-chicago-illinois-02-21-2026/event/04006346C03A42DB,2026-02-21,20:00:00,America/Chicago,,"['Hip-Hop/Rap', 'Trap']",['Music'],Aragon Ballroom,Chicago,IL,41.96941873,-87.65797212,"Event: Aleman & Gera MX - Rich Mafia Tour US 2026 | Type: event | Categories: ['Music'] | Keywords: ['Hip-Hop/Rap', 'Trap'] | Venue: Aragon Ballroom | Location: Chicago, IL | Starts: 2026-02-21 20:00:00 | Timezone: America/Chicago"
rZ7HnEZ1Af70uf,Pinebender w/ Allen Epley & Tractor Kings ft. Matt Talbot (HUM),event,https://www.ticketweb.com/event/pinebender-w-allen-epley-fitzgeralds-nightclub-tickets/14124354,2026-02-21,20:00:00,America/Chicago,,"['Rock', 'Indie Rock', 'Rock', 'Indie Rock', 'Rock', 'Indie Rock', 'Rock', 'Rock']","['Music', 'Music', 'Music', 'Music']",FITZGERALDS NIGHTCLUB,Berwyn,IL,41.86489,-87.78952,"Event: Pinebender w/ Allen Epley & Tractor Kings ft. Matt Talbot (HUM) | Type: event | Categories: ['Music', 'Music', 'Music', 'Music'] | Keywords: ['Rock', 'Indie Rock', 'Rock', 'Indie Rock', 'Rock', 'Indie Rock', 'Rock', 'Rock'] | Venue: FITZGERALDS NIGHTCLUB | Location: Berwyn, IL | Starts: 2026-02-21 20:00:00 | Timezone: America/Chicago"
1Ae0Z_dGkgGwvtf,"Funeral Plain, Woven, Static Trip",event,https://www.ticketweb.com/event/funeral-plain-woven-static-trip-reggies-music-joint-tickets/14125644?REFERRAL_ID=tmfeed,2026-02-21,20:30:00,America/Chicago,,"['Rock', 'Alternative Rock']",['Music'],Reggies Music Joint,Chicago,IL,41.853988,-87.62706,"Event: Funeral Plain, Woven, Static Trip | Type: event | Categories: ['Music'] | Keywords: ['Rock', 'Alternative Rock'] | Venue: Reggies Music Joint | Location: Chicago, IL | Starts: 2026-02-21 20:30:00 | Timezone: America/Chicago"
rZ7HnEZ1AfvOv0,The Kevan Eftekhari Band - Record Release Show,event,https://www.ticketweb.com/event/the-kevan-eftekhari-band-tack-room-tickets/14060064,2026-02-21,21:00:00,America/Chicago,,"['Rock', 'Rock']",['Music'],Tack Room,Chicago,IL,41.8576126,-87.6575068,"Event: The Kevan Eftekhari Band - Record Release Show | Type: event | Categories: ['Music'] | Keywords: ['Rock', 'Rock'] | Venue: Tack Room | Location: Chicago, IL | Starts: 2026-02-21 21:00:00 | Timezone: America/Chicago"
vv1FvZvNO-qFZ7GuGF,Takuya Nakamura,event,https://www.ticketmaster.com/takuya-nakamura-chicago-illinois-02-21-2026/event/040063821748BCB7,2026-02-21,21:00:00,America/Chicago,,"['Pop', 'Electro Pop']",['Music'],Outset,Chicago,IL,41.91287,-87.6634,"Event: Takuya Nakamura | Type: event | Categories: ['Music'] | Keywords: ['Pop', 'Electro Pop'] | Venue: Outset | Location: Chicago, IL | Starts: 2026-02-21 21:00:00 | Timezone: America/Chicago"
rZ7HnEZ1AfvI_7,Saturday Night In The SIDEBAR w/ THE FRAN BANISH TRIO,event,https://www.ticketweb.com/event/saturday-night-in-the-sidebar-fitzgeralds-sidebar-tickets/14068644,2026-02-21,21:00:00,America/Chicago,,"['Blues', 'Electric Blues']",['Music'],FITZGERALDS SIDEBAR,Berwyn,IL,41.86489,-87.78952,"Event: Saturday Night In The SIDEBAR w/ THE FRAN BANISH TRIO | Type: event | Categories: ['Music'] | Keywords: ['Blues', 'Electric Blues'] | Venue: FITZGERALDS SIDEBAR | Location: Berwyn, IL | Starts: 2026-02-21 21:00:00 | Timezone: America/Chicago"
rZ7HnEZ1AKJ8bf,Riplock,event,https://www.ticketweb.com/event/riplock-carols-pub-tickets/13990614,2026-02-21,21:30:00,America/Chicago,,"['Country', 'Country']",['Music'],Carol's Pub,Chicago,IL,41.96664,-87.66698,"Event: Riplock | Type: event | Categories: ['Music'] | Keywords: ['Country', 'Country'] | Venue: Carol's Pub | Location: Chicago, IL | Starts: 2026-02-21 21:30:00 | Timezone: America/Chicago"
Z7r9jZ1A7Q9at,Ray Volpe (18 and Over with Valid Government ID),event,https://www.ticketmaster.com/event/Z7r9jZ1A7Q9at,2026-02-21,22:00:00,,,"['Other', 'Other']",['Music'],Radius - Chicago,Chicago,IL,41.8466,-87.625999,"Event: Ray Volpe (18 and Over with Valid Government ID) | Type: event | Categories: ['Music'] | Keywords: ['Other', 'Other'] | Venue: Radius - Chicago | Location: Chicago, IL | Starts: 2026-02-21 22:00:00"
Z7r9jZ1A7-68-,Massano with SEVENN and RIIJA (18+ Event),event,https://www.ticketmaster.com/event/Z7r9jZ1A7-68-,2026-02-21,22:00:00,,,[],['Undefined'],Concord Music Hall,Chicago,IL,41.920898,-87.702003,"Event: Massano with SEVENN and RIIJA (18+ Event) | Type: event | Categories: ['Undefined'] | Keywords: [] | Venue: Concord Music Hall | Location: Chicago, IL | Starts: 2026-02-21 22:00:00"
vv1A6Zku8GkdFW6ha,The Chicago Theatre Tour Experience,event,https://www.ticketmaster.com/the-chicago-theatre-tour-experience-chicago-illinois-02-21-2026/event/07006350C8F476C9,2026-02-21,,America/Chicago,,"['Undefined', 'Undefined']",['Miscellaneous'],The Chicago Theatre Tour Experience,Chicago,IL,41.88537,-87.627457,"Event: The Chicago Theatre Tour Experience | Type: event | Categories: ['Miscellaneous'] | Keywords: ['Undefined', 'Undefined'] | Venue: The Chicago Theatre Tour Experience | Location: Chicago, IL | Starts: 2026-02-21 | Timezone: America/Chicago"
rZ7HnEZ1AfvtC7,The Rock and Roll Playhouse plays Music of Talking Heads + More for Kids,event,https://www.ticketweb.com/event/the-rock-and-roll-playhouse-thalia-hall-tickets/14069384,2026-02-22,11:30:00,America/Chicago,,"['Rock', 'Rock & Roll']",['Music'],Thalia Hall,Chicago,IL,41.857717,-87.657459,"Event: The Rock and Roll Playhouse plays Music of Talking Heads + More for Kids | Type: event | Categories: ['Music'] | Keywords: ['Rock', 'Rock & Roll'] | Venue: Thalia Hall | Location: Chicago, IL | Starts: 2026-02-22 11:30:00 | Timezone: America/Chicago"
rZ7HnEZ1AKJar7,Y'all's Brunch,event,https://www.ticketweb.com/event/yalls-brunch-carols-pub-tickets/13989784,2026-02-22,12:00:00,America/Chicago,,[],['Undefined'],Carol's Pub,Chicago,IL,41.96664,-87.66698,"Event: Y'all's Brunch | Type: event | Categories: ['Undefined'] | Keywords: [] | Venue: Carol's Pub | Location: Chicago, IL | Starts: 2026-02-22 12:00:00 | Timezone: America/Chicago"
rZ7HnEZ1AKPyQ7,Country Brunch in the NIGHTCLUB w/ DIAMONDBACK!,event,https://www.ticketweb.com/event/country-brunch-in-the-nightclub-fitzgeralds-nightclub-tickets/13979684,2026-02-22,12:00:00,America/Chicago,,"['Country', 'Country']",['Music'],FITZGERALDS NIGHTCLUB,Berwyn,IL,41.86489,-87.78952,"Event: Country Brunch in the NIGHTCLUB w/ DIAMONDBACK! | Type: event | Categories: ['Music'] | Keywords: ['Country', 'Country'] | Venue: FITZGERALDS NIGHTCLUB | Location: Berwyn, IL | Starts: 2026-02-22 12:00:00 | Timezone: America/Chicago"
vv1A6ZkG7GkexKvOh,The Outsiders (Chicago),event,https://www.ticketmaster.com/the-outsiders-chicago-chicago-illinois-02-22-2026/event/07006304A24C181B,2026-02-22,13:00:00,America/Chicago,,"['Theatre', 'Drama']",['Arts & Theatre'],Cadillac Palace,Chicago,IL,41.884378,-87.632877,"Event: The Outsiders (Chicago) | Type: event | Categories: ['Arts & Theatre'] | Keywords: ['Theatre', 'Drama'] | Venue: Cadillac Palace | Location: Chicago, IL | Starts: 2026-02-22 13:00:00 | Timezone: America/Chicago"
Z7r9jZ1A7boPO,Hamnet,event,https://www.ticketmaster.com/event/Z7r9jZ1A7boPO,2026-02-22,14:00:00,,,[],['Undefined'],Chicago Shakespeare Theater,Chicago,IL,41.8946,-87.618698,"Event: Hamnet | Type: event | Categories: ['Undefined'] | Keywords: [] | Venue: Chicago Shakespeare Theater | Location: Chicago, IL | Starts: 2026-02-22 14:00:00"
vv1kvYvN4bGAG6dz-,Eureka Day (Chicago),event,https://www.ticketmaster.com/eureka-day-chicago-chicago-illinois-02-22-2026/event/070063558C1C3E21,2026-02-22,14:00:00,America/Chicago,,"['Theatre', 'Comedy']",['Arts & Theatre'],Broadway Playhouse at Water Tower Place,Chicago,IL,41.8983949,-87.6228571,"Event: Eureka Day (Chicago) | Type: event | Categories: ['Arts & Theatre'] | Keywords: ['Theatre', 'Comedy'] | Venue: Broadway Playhouse at Water Tower Place | Location: Chicago, IL | Starts: 2026-02-22 14:00:00 | Timezone: America/Chicago"
Z7r9jZ1A7j0Zz,DePaul Blue Demons Womens Basketball vs. Xavier Musketeers Womens Basketball,event,https://www.ticketmaster.com/event/Z7r9jZ1A7j0Zz,2026-02-22,14:00:00,,,"['Basketball', 'College']",['Sports'],Wintrust Arena,Chicago,IL,41.8466,-87.625999,"Event: DePaul Blue Demons Womens Basketball vs. Xavier Musketeers Womens Basketball | Type: event | Categories: ['Sports'] | Keywords: ['Basketball', 'College'] | Venue: Wintrust Arena | Location: Chicago, IL | Starts: 2026-02-22 14:00:00"
Z7r9jZ1A7_gPM,Marc-Andre Hamelin,event,https://www.ticketmaster.com/event/Z7r9jZ1A7_gPM,2026-02-22,15:00:00,,,"['Classical', 'Classical/Vocal']",['Music'],Orchestra Hall - IL,Chicago,IL,41.880501,-87.624702,"Event: Marc-Andre Hamelin | Type: event | Categories: ['Music'] | Keywords: ['Classical', 'Classical/Vocal'] | Venue: Orchestra Hall - IL | Location: Chicago, IL | Starts: 2026-02-22 15:00:00"
rZ7HnEZ1AfZP00,Sunday Matinee Show w/ KIERAN KANE & RAYNA GELLERT,event,https://www.ticketweb.com/event/sunday-matinee-show-w-kieran-fitzgeralds-nightclub-tickets/14025924,2026-02-22,15:30:00,America/Chicago,,"['Country', 'Country Folk', 'Country', 'Bluegrass']","['Music', 'Music']",FITZGERALDS NIGHTCLUB,Berwyn,IL,41.86489,-87.78952,"Event: Sunday Matinee Show w/ KIERAN KANE & RAYNA GELLERT | Type: event | Categories: ['Music', 'Music'] | Keywords: ['Country', 'Country Folk', 'Country', 'Bluegrass'] | Venue: FITZGERALDS NIGHTCLUB | Location: Berwyn, IL | Starts: 2026-02-22 15:30:00 | Timezone: America/Chicago"
Z7r9jZ1A7qO0S,Monsieur Chopin,event,https://www.ticketmaster.com/event/Z7r9jZ1A7qO0S,2026-02-22,16:00:00,,,"['Miscellaneous', 'Miscellaneous']",['Arts & Theatre'],Harris Theater,Chicago,IL,41.885799,-87.622902,"Event: Monsieur Chopin | Type: event | Categories: ['Arts & Theatre'] | Keywords: ['Miscellaneous', 'Miscellaneous'] | Venue: Harris Theater | Location: Chicago, IL | Starts: 2026-02-22 16:00:00"
rZ7HnEZ1AfjJJK,"Kingston Mines ""Blues Jam"" with Mike Wheeler 5:30pm - 9pm/Nate Manos Blues Band",event,https://www.ticketweb.com/event/kingston-mines-blues-jam-with-kingston-mines-chicago-tickets/14726993,2026-02-22,17:30:00,America/Chicago,,"['Blues', 'Blues', 'Blues', 'Blues', 'Blues', 'Blues']","['Music', 'Music', 'Music']",Kingston Mines - Chicago Blues Center,Chicago,IL,41.929086,-87.648951,"Event: Kingston Mines ""Blues Jam"" with Mike Wheeler 5:30pm - 9pm/Nate Manos Blues Band | Type: event | Categories: ['Music', 'Music', 'Music'] | Keywords: ['Blues', 'Blues', 'Blues', 'Blues', 'Blues', 'Blues'] | Venue: Kingston Mines - Chicago Blues Center | Location: Chicago, IL | Starts: 2026-02-22 17:30:00 | Timezone: America/Chicago"
vv178ZbVGknXW0bB,Badflower,event,https://www.ticketmaster.com/badflower-chicago-illinois-02-22-2026/event/0400634ABEF6463A,2026-02-22,18:00:00,America/Chicago,,"['Rock', 'Pop']",['Music'],House of Blues Chicago,Chicago,IL,41.88811537,-87.62931962,"Event: Badflower | Type: event | Categories: ['Music'] | Keywords: ['Rock', 'Pop'] | Venue: House of Blues Chicago | Location: Chicago, IL | Starts: 2026-02-22 18:00:00 | Timezone: America/Chicago"
vv1kvYvN4bGAGkKzr,Eureka Day (Chicago),event,https://www.ticketmaster.com/eureka-day-chicago-chicago-illinois-02-22-2026/event/070063558C193E1E,2026-02-22,18:30:00,America/Chicago,,"['Theatre', 'Comedy']",['Arts & Theatre'],Broadway Playhouse at Water Tower Place,Chicago,IL,41.8983949,-87.6228571,"Event: Eureka Day (Chicago) | Type: event | Categories: ['Arts & Theatre'] | Keywords: ['Theatre', 'Comedy'] | Venue: Broadway Playhouse at Water Tower Place | Location: Chicago, IL | Starts: 2026-02-22 18:30:00 | Timezone: America/Chicago"
1Ae0Z_dGkiJiOJG,Sugarman Allstars,event,https://www.ticketweb.com/event/sugarman-allstars-reggies-banannas-shack-tickets/14118714?REFERRAL_ID=tmfeed,2026-02-22,19:00:00,America/Chicago,,"['Blues', 'Blues']",['Music'],Reggies Bananna's Shack ,Chicago,IL,41.853865,-87.626767,"Event: Sugarman Allstars | Type: event | Categories: ['Music'] | Keywords: ['Blues', 'Blues'] | Venue: Reggies Bananna's Shack  | Location: Chicago, IL | Starts: 2026-02-22 19:00:00 | Timezone: America/Chicago"
Za5ju3rKuqZB9_Pjgwivvf1bb4Ut0OSwW,Post Game -  Bulls vs.Knicks,event,,2026-02-22,19:00:00,America/Chicago,,[],[],United Center,Chicago,IL,41.880677,-87.67409100000002,"Event: Post Game -  Bulls vs.Knicks | Type: event | Categories: [] | Keywords: [] | Venue: United Center | Location: Chicago, IL | Starts: 2026-02-22 19:00:00 | Timezone: America/Chicago"
Za5ju3rKuqZDdXXR7_njAZvhN4qed-P3Ki,FE260222,event,,2026-02-22,19:00:00,America/Chicago,,[],[],United Center,Chicago,IL,41.880677,-87.67409100000002,"Event: FE260222 | Type: event | Categories: [] | Keywords: [] | Venue: United Center | Location: Chicago, IL | Starts: 2026-02-22 19:00:00 | Timezone: America/Chicago"
Za5ju3rKuqZDdrKSI6WMcujnkZ6CHrGcJI,Exit Pass -  Bulls vs.Knicks,event,,2026-02-22,19:00:00,America/Chicago,,[],[],United Center,Chicago,IL,41.880677,-87.67409100000002,"Event: Exit Pass -  Bulls vs.Knicks | Type: event | Categories: [] | Keywords: [] | Venue: United Center | Location: Chicago, IL | Starts: 2026-02-22 19:00:00 | Timezone: America/Chicago"
Za5ju3rKuqZDegR_PFMeyGU_ABszTJmbHG,Family Room-  Bulls vs.Knicks,event,,2026-02-22,19:00:00,America/Chicago,,[],[],United Center,Chicago,IL,41.880677,-87.67409100000002,"Event: Family Room-  Bulls vs.Knicks | Type: event | Categories: [] | Keywords: [] | Venue: United Center | Location: Chicago, IL | Starts: 2026-02-22 19:00:00 | Timezone: America/Chicago"
Za5ju3rKuqZDvh7i44Qwq5TBeqEY9TCBEH,New York Knicks - Premium,event,,2026-02-22,19:00:00,America/Chicago,,[],[],United Center,Chicago,IL,41.880677,-87.67409100000002,"Event: New York Knicks - Premium | Type: event | Categories: [] | Keywords: [] | Venue: United Center | Location: Chicago, IL | Starts: 2026-02-22 19:00:00 | Timezone: America/Chicago"
Za5ju3rKuqZDvrLI2Pj8uGczU9Q13cctIb,Ketel One Club Bulls vs. Knicks,event,,2026-02-22,19:00:00,America/Chicago,,[],[],United Center,Chicago,IL,41.880677,-87.67409100000002,"Event: Ketel One Club Bulls vs. Knicks | Type: event | Categories: [] | Keywords: [] | Venue: United Center | Location: Chicago, IL | Starts: 2026-02-22 19:00:00 | Timezone: America/Chicago"
vv178ZbYGkW6G0NN,Chicago Bulls vs. New York Knicks,event,https://www.ticketmaster.com/chicago-bulls-vs-new-york-knicks-chicago-illinois-02-22-2026/event/0400630F473248E3,2026-02-22,19:00:00,America/Chicago,,"['Basketball', 'NBA']",['Sports'],United Center,Chicago,IL,41.88124412,-87.67427375,"Event: Chicago Bulls vs. New York Knicks | Type: event | Categories: ['Sports'] | Keywords: ['Basketball', 'NBA'] | Venue: United Center | Location: Chicago, IL | Starts: 2026-02-22 19:00:00 | Timezone: America/Chicago"
rZ7HnEZ1Af7e00,Welcome To The Show with Derek Bish,event,https://www.ticketweb.com/event/welcome-to-the-show-with-three-top-lounge-tickets/14102924,2026-02-22,19:00:00,America/Chicago,,[],['Miscellaneous'],Three Top Lounge,Chicago,IL,41.90673,-87.65923,"Event: Welcome To The Show with Derek Bish | Type: event | Categories: ['Miscellaneous'] | Keywords: [] | Venue: Three Top Lounge | Location: Chicago, IL | Starts: 2026-02-22 19:00:00 | Timezone: America/Chicago"
rZ7HnEZ1AKPy_V,Big Band & BBQ: British Buddy Big Band!,event,https://www.ticketweb.com/event/big-band-bbq-british-fitzgeralds-nightclub-tickets/13979674,2026-02-22,19:00:00,America/Chicago,,"['Jazz', 'Big Band']",['Music'],FITZGERALDS NIGHTCLUB,Berwyn,IL,41.86489,-87.78952,"Event: Big Band & BBQ: British Buddy Big Band! | Type: event | Categories: ['Music'] | Keywords: ['Jazz', 'Big Band'] | Venue: FITZGERALDS NIGHTCLUB | Location: Berwyn, IL | Starts: 2026-02-22 19:00:00 | Timezone: America/Chicago"
1AtZk8YGkdESv4H,Sunday Night Live: Soultribe W/ Special Guests Yana Renea and Luv Moor,event,https://www.ticketweb.com/event/sunday-night-live-soultribe-w-reggies-music-joint-tickets/14087504?REFERRAL_ID=tmfeed,2026-02-22,20:00:00,America/Chicago,,"['R&B', 'R&B']",['Music'],Reggies Music Joint,Chicago,IL,41.853988,-87.62706,"Event: Sunday Night Live: Soultribe W/ Special Guests Yana Renea and Luv Moor | Type: event | Categories: ['Music'] | Keywords: ['R&B', 'R&B'] | Venue: Reggies Music Joint | Location: Chicago, IL | Starts: 2026-02-22 20:00:00 | Timezone: America/Chicago"
vv1A6Zku8GkdFWMhG,The Chicago Theatre Tour Experience,event,https://www.ticketmaster.com/the-chicago-theatre-tour-experience-chicago-illinois-02-22-2026/event/07006350C8F776CC,2026-02-22,,America/Chicago,,"['Undefined', 'Undefined']",['Miscellaneous'],The Chicago Theatre Tour Experience,Chicago,IL,41.88537,-87.627457,"Event: The Chicago Theatre Tour Experience | Type: event | Categories: ['Miscellaneous'] | Keywords: ['Undefined', 'Undefined'] | Venue: The Chicago Theatre Tour Experience | Location: Chicago, IL | Starts: 2026-02-22 | Timezone: America/Chicago"
rZ7HnEZ1AfjseK,Speed Rack Chicago,event,https://www.ticketweb.com/event/speed-rack-chicago-thalia-hall-tickets/14731093,2026-02-23,17:00:00,America/Chicago,,[],['Miscellaneous'],Thalia Hall,Chicago,IL,41.857717,-87.657459,"Event: Speed Rack Chicago | Type: event | Categories: ['Miscellaneous'] | Keywords: [] | Venue: Thalia Hall | Location: Chicago, IL | Starts: 2026-02-23 17:00:00 | Timezone: America/Chicago"
Z7r9jZ1A7boP-,Hamnet,event,https://www.ticketmaster.com/event/Z7r9jZ1A7boP-,2026-02-24,19:00:00,,,[],['Undefined'],Chicago Shakespeare Theater,Chicago,IL,41.8946,-87.618698,"Event: Hamnet | Type: event | Categories: ['Undefined'] | Keywords: [] | Venue: Chicago Shakespeare Theater | Location: Chicago, IL | Starts: 2026-02-24 19:00:00"
vv178ZbVGkU6BeoU,UIC Flames Men's Basketball v Bradley,event,https://www.ticketmaster.com/uic-flames-mens-basketball-v-bradley-chicago-illinois-02-24-2026/event/0400634D87E82476,2026-02-24,19:00:00,America/Chicago,,"['Basketball', 'College']",['Sports'],Credit Union 1 Arena at UIC,Chicago,IL,41.8750917,-87.6568165,"Event: UIC Flames Men's Basketball v Bradley | Type: event | Categories: ['Sports'] | Keywords: ['Basketball', 'College'] | Venue: Credit Union 1 Arena at UIC | Location: Chicago, IL | Starts: 2026-02-24 19:00:00 | Timezone: America/Chicago"
Za5ju3rKuqZBYsIJomzs5k1NKnUuB5KJj,Family Room-  Bulls vs.Hornets,event,,2026-02-24,19:00:00,America/Chicago,,[],[],United Center,Chicago,IL,41.880677,-87.67409100000002,"Event: Family Room-  Bulls vs.Hornets | Type: event | Categories: [] | Keywords: [] | Venue: United Center | Location: Chicago, IL | Starts: 2026-02-24 19:00:00 | Timezone: America/Chicago"
Za5ju3rKuqZDdtKJYz2V4CsQwx55WgdVsD,Ketel One Club Bulls vs. Hornets,event,,2026-02-24,19:00:00,America/Chicago,,[],[],United Center,Chicago,IL,41.880677,-87.67409100000002,"Event: Ketel One Club Bulls vs. Hornets | Type: event | Categories: [] | Keywords: [] | Venue: United Center | Location: Chicago, IL | Starts: 2026-02-24 19:00:00 | Timezone: America/Chicago"
Za5ju3rKuqZDe6MPN8ZpA5atCVcddyoKLW,Exit Pass -  Bulls vs.Hornets,event,,2026-02-24,19:00:00,America/Chicago,,[],[],United Center,Chicago,IL,41.880677,-87.67409100000002,"Event: Exit Pass -  Bulls vs.Hornets | Type: event | Categories: [] | Keywords: [] | Venue: United Center | Location: Chicago, IL | Starts: 2026-02-24 19:00:00 | Timezone: America/Chicago"
Za5ju3rKuqZDv3sLyfDgWAcaCHYPODduPl,Charlotte Hornets - Premium,event,,2026-02-24,19:00:00,America/Chicago,,[],[],United Center,Chicago,IL,41.880677,-87.67409100000002,"Event: Charlotte Hornets - Premium | Type: event | Categories: [] | Keywords: [] | Venue: United Center | Location: Chicago, IL | Starts: 2026-02-24 19:00:00 | Timezone: America/Chicago"
Za5ju3rKuqZDvJx8WTZe47QtSYOfiVhFAV,Post Game -  Bulls vs.Hornets,event,,2026-02-24,19:00:00,America/Chicago,,[],[],United Center,Chicago,IL,41.880677,-87.67409100000002,"Event: Post Game -  Bulls vs.Hornets | Type: event | Categories: [] | Keywords: [] | Venue: United Center | Location: Chicago, IL | Starts: 2026-02-24 19:00:00 | Timezone: America/Chicago"
Za5ju3rKuqZDvUA89PYCoF1zWtpIni2tc8,FE260224,event,,2026-02-24,19:00:00,America/Chicago,,[],[],United Center,Chicago,IL,41.880677,-87.67409100000002,"Event: FE260224 | Type: event | Categories: [] | Keywords: [] | Venue: United Center | Location: Chicago, IL | Starts: 2026-02-24 19:00:00 | Timezone: America/Chicago"
vv178ZbYGkW6u7NP,Chicago Bulls vs. Charlotte Hornets,event,https://www.ticketmaster.com/chicago-bulls-vs-charlotte-hornets-chicago-illinois-02-24-2026/event/0400630F473448E5,2026-02-24,19:00:00,America/Chicago,,"['Basketball', 'NBA']",['Sports'],United Center,Chicago,IL,41.88124412,-87.67427375,"Event: Chicago Bulls vs. Charlotte Hornets | Type: event | Categories: ['Sports'] | Keywords: ['Basketball', 'NBA'] | Venue: United Center | Location: Chicago, IL | Starts: 2026-02-24 19:00:00 | Timezone: America/Chicago"
Z7r9jZ1A7rau3,Gogol Bordell (17 and Over),event,https://www.ticketmaster.com/event/Z7r9jZ1A7rau3,2026-02-24,19:00:00,,,"['Alternative', 'Alternative Rock']",['Music'],Concord Music Hall,Chicago,IL,41.920898,-87.702003,"Event: Gogol Bordell (17 and Over) | Type: event | Categories: ['Music'] | Keywords: ['Alternative', 'Alternative Rock'] | Venue: Concord Music Hall | Location: Chicago, IL | Starts: 2026-02-24 19:00:00"
rZ7HnEZ1AfAkFf,Songwriter Circle w/ host Terry White and guests Ike & Shane Reilly,event,https://www.ticketweb.com/event/songwriter-circle-w-host-terry-fitzgeralds-nightclub-tickets/14146214,2026-02-24,19:00:00,America/Chicago,,"['Rock', 'Pop', 'Alternative', 'Alternative Rock', 'Rock', 'Classic Rock']","['Music', 'Music', 'Music']",FITZGERALDS NIGHTCLUB,Berwyn,IL,41.86489,-87.78952,"Event: Songwriter Circle w/ host Terry White and guests Ike & Shane Reilly | Type: event | Categories: ['Music', 'Music', 'Music'] | Keywords: ['Rock', 'Pop', 'Alternative', 'Alternative Rock', 'Rock', 'Classic Rock'] | Venue: FITZGERALDS NIGHTCLUB | Location: Berwyn, IL | Starts: 2026-02-24 19:00:00 | Timezone: America/Chicago"
Za5ju3rKuqZDdOWVzeDFPFlzrHlNNylh76,Skyline Meeting Room Hawks vs. Senators,event,,2026-02-24,19:45:00,America/Chicago,,[],[],United Center,Chicago,IL,41.880677,-87.67409100000002,"Event: Skyline Meeting Room Hawks vs. Senators | Type: event | Categories: [] | Keywords: [] | Venue: United Center | Location: Chicago, IL | Starts: 2026-02-24 19:45:00 | Timezone: America/Chicago"
Za5ju3rKuqZDdy1OdrSr_ep_zejR8u50HF,Divine Nine STO,event,,2026-02-24,20:00:00,America/Chicago,,[],[],United Center,Chicago,IL,41.880677,-87.67409100000002,"Event: Divine Nine STO | Type: event | Categories: [] | Keywords: [] | Venue: United Center | Location: Chicago, IL | Starts: 2026-02-24 20:00:00 | Timezone: America/Chicago"
rZ7HnEZ1Af7kG7,Kameron Marlowe - Sad Songs for the Soul Tour Unplugged,event,https://www.ticketweb.com/event/kameron-marlowe-sad-carols-pub-tickets/14106304,2026-02-24,20:00:00,America/Chicago,,"['Country', 'Country']",['Music'],Carol's Pub,Chicago,IL,41.96664,-87.66698,"Event: Kameron Marlowe - Sad Songs for the Soul Tour Unplugged | Type: event | Categories: ['Music'] | Keywords: ['Country', 'Country'] | Venue: Carol's Pub | Location: Chicago, IL | Starts: 2026-02-24 20:00:00 | Timezone: America/Chicago"
rZ7HnEZ1AfjA-K,The STEEL WHEELS Return to FITZGERALDS!,event,https://www.ticketweb.com/event/the-steel-wheels-return-to-fitzgeralds-nightclub-tickets/14705853,2026-02-24,20:00:00,America/Chicago,,"['Rock', 'Pop']",['Music'],FITZGERALDS NIGHTCLUB,Berwyn,IL,41.86489,-87.78952,"Event: The STEEL WHEELS Return to FITZGERALDS! | Type: event | Categories: ['Music'] | Keywords: ['Rock', 'Pop'] | Venue: FITZGERALDS NIGHTCLUB | Location: Berwyn, IL | Starts: 2026-02-24 20:00:00 | Timezone: America/Chicago"
Z7r9jZ1A7boPN,Hamnet,event,https://www.ticketmaster.com/event/Z7r9jZ1A7boPN,2026-02-25,13:00:00,,,[],['Undefined'],Chicago Shakespeare Theater,Chicago,IL,41.8946,-87.618698,"Event: Hamnet | Type: event | Categories: ['Undefined'] | Keywords: [] | Venue: Chicago Shakespeare Theater | Location: Chicago, IL | Starts: 2026-02-25 13:00:00"
Z7r9jZ1A7j0ZJ,DePaul Blue Demons Womens Basketball vs. Butler University Bulldogs Womens Basketball,event,https://www.ticketmaster.com/event/Z7r9jZ1A7j0ZJ,2026-02-25,18:00:00,,,"['Basketball', 'College']",['Sports'],Wintrust Arena,Chicago,IL,41.8466,-87.625999,"Event: DePaul Blue Demons Womens Basketball vs. Butler University Bulldogs Womens Basketball | Type: event | Categories: ['Sports'] | Keywords: ['Basketball', 'College'] | Venue: Wintrust Arena | Location: Chicago, IL | Starts: 2026-02-25 18:00:00"
rZ7HnEZ1Af7ge7,Doom Movement,event,https://www.ticketweb.com/event/doom-movement-elston-electric-tickets/14135084,2026-02-25,18:00:00,America/Chicago,,[],['Sports'],Elston Electric,Chicago,IL,41.9063,-87.659,"Event: Doom Movement | Type: event | Categories: ['Sports'] | Keywords: [] | Venue: Elston Electric | Location: Chicago, IL | Starts: 2026-02-25 18:00:00 | Timezone: America/Chicago"
Z7r9jZ1A7qFj6,Loyola Ramblers Womens Basketball vs. Dayton Flyers Womens Basketball,event,https://www.ticketmaster.com/event/Z7r9jZ1A7qFj6,2026-02-25,18:00:00,,,"['Basketball', 'College']",['Sports'],Gentile Arena,Chicago,IL,41.991001,-87.665398,"Event: Loyola Ramblers Womens Basketball vs. Dayton Flyers Womens Basketball | Type: event | Categories: ['Sports'] | Keywords: ['Basketball', 'College'] | Venue: Gentile Arena | Location: Chicago, IL | Starts: 2026-02-25 18:00:00"
Z7r9jZ1A7boPx,Hamnet,event,https://www.ticketmaster.com/event/Z7r9jZ1A7boPx,2026-02-25,19:00:00,,,[],['Undefined'],Chicago Shakespeare Theater,Chicago,IL,41.8946,-87.618698,"Event: Hamnet | Type: event | Categories: ['Undefined'] | Keywords: [] | Venue: Chicago Shakespeare Theater | Location: Chicago, IL | Starts: 2026-02-25 19:00:00"
rZ7HnEZ1AfvMf0,Show & Tell for Grown-Ups,event,https://www.ticketweb.com/event/show-tell-for-grown-punch-house-tickets/14077524,2026-02-25,19:00:00,America/Chicago,,[],['Undefined'],Punch House,Chicago,IL,41.857698,-87.657611,"Event: Show & Tell for Grown-Ups | Type: event | Categories: ['Undefined'] | Keywords: [] | Venue: Punch House | Location: Chicago, IL | Starts: 2026-02-25 19:00:00 | Timezone: America/Chicago"
rZ7HnEZ1Af_gOd,US99 Presents: Low Dough Show with Kameron Marlowe,event,https://www.ticketweb.com/event/us99-presents-low-dough-show-joes-on-weed-street-tickets/14675803,2026-02-25,19:00:00,America/Chicago,,"['Country', 'Country', 'Country', 'Country']","['Music', 'Music']",Joe's on Weed Street,Chicago,IL,41.909857,-87.65293,"Event: US99 Presents: Low Dough Show with Kameron Marlowe | Type: event | Categories: ['Music', 'Music'] | Keywords: ['Country', 'Country', 'Country', 'Country'] | Venue: Joe's on Weed Street | Location: Chicago, IL | Starts: 2026-02-25 19:00:00 | Timezone: America/Chicago"
Z7r9jZ1A7q9Qb,Bernadette: The Musical,event,https://www.ticketmaster.com/event/Z7r9jZ1A7q9Qb,2026-02-25,19:00:00,,,[],['Undefined'],Athenaeum Theatre,Chicago,IL,41.939602,-87.656799,"Event: Bernadette: The Musical | Type: event | Categories: ['Undefined'] | Keywords: [] | Venue: Athenaeum Theatre | Location: Chicago, IL | Starts: 2026-02-25 19:00:00"
Z7r9jZ1A7O-jI,Kameron Marlowe (21 and Over),event,https://www.ticketmaster.com/event/Z7r9jZ1A7O-jI,2026-02-25,19:00:00,,,"['Other', 'Other']",['Music'],Joe's on Weed Street Chicago,Chicago,IL,41.954102,-87.6605,"Event: Kameron Marlowe (21 and Over) | Type: event | Categories: ['Music'] | Keywords: ['Other', 'Other'] | Venue: Joe's on Weed Street Chicago | Location: Chicago, IL | Starts: 2026-02-25 19:00:00"
rZ7HnEZ1AKPyQf,JOE POLICASTRO & FRIENDS in the SIDEBAR!,event,https://www.ticketweb.com/event/joe-policastro-friends-in-fitzgeralds-sidebar-tickets/13979694,2026-02-25,19:00:00,America/Chicago,,"['Jazz', 'Jazz']",['Music'],FITZGERALDS SIDEBAR,Berwyn,IL,41.86489,-87.78952,"Event: JOE POLICASTRO & FRIENDS in the SIDEBAR! | Type: event | Categories: ['Music'] | Keywords: ['Jazz', 'Jazz'] | Venue: FITZGERALDS SIDEBAR | Location: Berwyn, IL | Starts: 2026-02-25 19:00:00 | Timezone: America/Chicago"
rZ7HnEZ1Af777V,"360 Oak Park - ""Wow! That's Cool""",event,https://www.ticketweb.com/event/360-oak-park-fitzgeralds-nightclub-tickets/14104134,2026-02-25,19:00:00,America/Chicago,,[],['Miscellaneous'],FITZGERALDS NIGHTCLUB,Berwyn,IL,41.86489,-87.78952,"Event: 360 Oak Park - ""Wow! That's Cool"" | Type: event | Categories: ['Miscellaneous'] | Keywords: [] | Venue: FITZGERALDS NIGHTCLUB | Location: Berwyn, IL | Starts: 2026-02-25 19:00:00 | Timezone: America/Chicago"
vv178Z_eGkizj6Vy,Big Bad Wolf Comedy,event,https://www.ticketmaster.com/big-bad-wolf-comedy-chicago-illinois-02-25-2026/event/0400642B38707D39,2026-02-25,20:00:00,America/Chicago,,"['Comedy', 'Comedy']",['Arts & Theatre'],Garcia's Chicago,Chicago,IL,41.883,-87.65256,"Event: Big Bad Wolf Comedy | Type: event | Categories: ['Arts & Theatre'] | Keywords: ['Comedy', 'Comedy'] | Venue: Garcia's Chicago | Location: Chicago, IL | Starts: 2026-02-25 20:00:00 | Timezone: America/Chicago"
15e0Zby7vb-fV,"Primeval Well, Beastlurker, Niveous",event,https://www.ticketweb.com/event/primeval-well-beastlurker-niveous-reggies-music-joint-tickets/14009364?REFERRAL_ID=tmfeed,2026-02-25,20:00:00,America/Chicago,,"['Metal', 'Nu-Metal']",['Music'],Reggies Music Joint,Chicago,IL,41.853988,-87.62706,"Event: Primeval Well, Beastlurker, Niveous | Type: event | Categories: ['Music'] | Keywords: ['Metal', 'Nu-Metal'] | Venue: Reggies Music Joint | Location: Chicago, IL | Starts: 2026-02-25 20:00:00 | Timezone: America/Chicago"
rZ7HnEZ1AfQa4K,Langhorne Slim: The Dreamin’ Kind Tour with Laney Jones and the Spirits,event,https://www.ticketweb.com/event/langhorne-slim-the-dreamin-kind-thalia-hall-tickets/14689553,2026-02-25,20:00:00,America/Chicago,,"['Rock', 'Pop', 'Rock', 'Rock & Roll']","['Music', 'Music']",Thalia Hall,Chicago,IL,41.857717,-87.657459,"Event: Langhorne Slim: The Dreamin’ Kind Tour with Laney Jones and the Spirits | Type: event | Categories: ['Music', 'Music'] | Keywords: ['Rock', 'Pop', 'Rock', 'Rock & Roll'] | Venue: Thalia Hall | Location: Chicago, IL | Starts: 2026-02-25 20:00:00 | Timezone: America/Chicago"
Za5ju3rKuqZDdgG4DZjxtk4arY2WA3YcQq,Andrea Bocelli - Premium Seating,event,,2026-02-25,20:00:00,America/Chicago,,[],[],United Center,Chicago,IL,41.880677,-87.67409100000002,"Event: Andrea Bocelli - Premium Seating | Type: event | Categories: [] | Keywords: [] | Venue: United Center | Location: Chicago, IL | Starts: 2026-02-25 20:00:00 | Timezone: America/Chicago"
vv178ZbSGklth7w6,"ANDREA BOCELLI ""Romanza - 30th Anniversary World Tour""",event,https://www.ticketmaster.com/andrea-bocelli-romanza-30th-anniversary-world-chicago-illinois-02-25-2026/event/0400633AE96C4C87,2026-02-25,20:00:00,America/Chicago,,"['Classical', 'Classical/Vocal']",['Music'],United Center,Chicago,IL,41.88124412,-87.67427375,"Event: ANDREA BOCELLI ""Romanza - 30th Anniversary World Tour"" | Type: event | Categories: ['Music'] | Keywords: ['Classical', 'Classical/Vocal'] | Venue: United Center | Location: Chicago, IL | Starts: 2026-02-25 20:00:00 | Timezone: America/Chicago"
vv1a7Zku8QKZKZeCF,UIC Flames Women's Basketball v Bradley,event,https://www.ticketmaster.com/uic-flames-womens-basketball-v-bradley-chicago-illinois-02-26-2026/event/04006350693013D7,2026-02-26,11:00:00,America/Chicago,,"['Basketball', 'College']",['Sports'],Credit Union 1 Arena at UIC,Chicago,IL,41.8750917,-87.6568165,"Event: UIC Flames Women's Basketball v Bradley | Type: event | Categories: ['Sports'] | Keywords: ['Basketball', 'College'] | Venue: Credit Union 1 Arena at UIC | Location: Chicago, IL | Starts: 2026-02-26 11:00:00 | Timezone: America/Chicago"
rZ7HnEZ1Af7ba0,Three Top Happy Hour,event,https://www.ticketweb.com/event/three-top-happy-hour-three-top-lounge-tickets/14118264,2026-02-26,17:30:00,America/Chicago,,[],['Miscellaneous'],Three Top Lounge,Chicago,IL,41.90673,-87.65923,"Event: Three Top Happy Hour | Type: event | Categories: ['Miscellaneous'] | Keywords: [] | Venue: Three Top Lounge | Location: Chicago, IL | Starts: 2026-02-26 17:30:00 | Timezone: America/Chicago"
rZ7HnEZ1AfvoZ7,Mike Wheeler Blues Band/Omar Coleman Blues Band,event,https://www.ticketweb.com/event/mike-wheeler-blues-bandomar-coleman-kingston-mines-chicago-tickets/14051004,2026-02-26,18:00:00,America/Chicago,,"['Blues', 'Blues', 'Blues', 'Blues', 'Blues', 'Acoustic Blues']","['Music', 'Music', 'Music']",Kingston Mines - Chicago Blues Center,Chicago,IL,41.929086,-87.648951,"Event: Mike Wheeler Blues Band/Omar Coleman Blues Band | Type: event | Categories: ['Music', 'Music', 'Music'] | Keywords: ['Blues', 'Blues', 'Blues', 'Blues', 'Blues', 'Acoustic Blues'] | Venue: Kingston Mines - Chicago Blues Center | Location: Chicago, IL | Starts: 2026-02-26 18:00:00 | Timezone: America/Chicago"
rZ7HnEZ1AfvYCf,2econd Wrestling,event,https://www.ticketweb.com/event/2econd-wrestling-cubby-bear-tickets/14070394,2026-02-26,18:30:00,America/Chicago,,"['Wrestling', 'Wrestling']",['Sports'],Cubby Bear,Chicago,IL,41.947012,-87.656821,"Event: 2econd Wrestling | Type: event | Categories: ['Sports'] | Keywords: ['Wrestling', 'Wrestling'] | Venue: Cubby Bear | Location: Chicago, IL | Starts: 2026-02-26 18:30:00 | Timezone: America/Chicago"
rZ7HnEZ1AfjFjK,Bryce Vine - Let’s Do Something Stupid Tour,event,https://www.ticketweb.com/event/bryce-vine-lets-bottom-lounge-tickets/14708713,2026-02-26,18:40:00,America/Chicago,,"['Rock', 'Pop', 'Alternative', 'Alternative', 'Alternative', 'Alternative']","['Music', 'Music', 'Music']",Bottom Lounge,Chicago,IL,41.885046,-87.661767,"Event: Bryce Vine - Let’s Do Something Stupid Tour | Type: event | Categories: ['Music', 'Music', 'Music'] | Keywords: ['Rock', 'Pop', 'Alternative', 'Alternative', 'Alternative', 'Alternative'] | Venue: Bottom Lounge | Location: Chicago, IL | Starts: 2026-02-26 18:40:00 | Timezone: America/Chicago"
Z7r9jZ1A7boP0,Hamnet,event,https://www.ticketmaster.com/event/Z7r9jZ1A7boP0,2026-02-26,19:00:00,,,[],['Undefined'],Chicago Shakespeare Theater,Chicago,IL,41.8946,-87.618698,"Event: Hamnet | Type: event | Categories: ['Undefined'] | Keywords: [] | Venue: Chicago Shakespeare Theater | Location: Chicago, IL | Starts: 2026-02-26 19:00:00"
Za5ju3rKuqZB-fp73udyvR_QcZMXMEjwk,Exit Pass -  Bulls vs.Trail Blazers,event,,2026-02-26,19:00:00,America/Chicago,,[],[],United Center,Chicago,IL,41.880677,-87.67409100000002,"Event: Exit Pass -  Bulls vs.Trail Blazers | Type: event | Categories: [] | Keywords: [] | Venue: United Center | Location: Chicago, IL | Starts: 2026-02-26 19:00:00 | Timezone: America/Chicago"
Za5ju3rKuqZBrwCsfPL_CJIAEbze0A8hx,Ketel One Club Bulls vs. Trail Blazers,event,,2026-02-26,19:00:00,America/Chicago,,[],[],United Center,Chicago,IL,41.880677,-87.67409100000002,"Event: Ketel One Club Bulls vs. Trail Blazers | Type: event | Categories: [] | Keywords: [] | Venue: United Center | Location: Chicago, IL | Starts: 2026-02-26 19:00:00 | Timezone: America/Chicago"
Za5ju3rKuqZDdGq_xS8qPFOFOObhZCKa7u,Post Game  -  Bulls vs.Trail Blazers,event,,2026-02-26,19:00:00,America/Chicago,,[],[],United Center,Chicago,IL,41.880677,-87.67409100000002,"Event: Post Game  -  Bulls vs.Trail Blazers | Type: event | Categories: [] | Keywords: [] | Venue: United Center | Location: Chicago, IL | Starts: 2026-02-26 19:00:00 | Timezone: America/Chicago"
Za5ju3rKuqZDeTv8ZK8_ukdlN1U2KX4WK7,Portland Trail Blazers - Premium,event,,2026-02-26,19:00:00,America/Chicago,,[],[],United Center,Chicago,IL,41.880677,-87.67409100000002,"Event: Portland Trail Blazers - Premium | Type: event | Categories: [] | Keywords: [] | Venue: United Center | Location: Chicago, IL | Starts: 2026-02-26 19:00:00 | Timezone: America/Chicago"
Za5ju3rKuqZDvBEYDOZvuZl5fURbGTWg9a,Family Room -  Bulls vs.Trail Blazers,event,,2026-02-26,19:00:00,America/Chicago,,[],[],United Center,Chicago,IL,41.880677,-87.67409100000002,"Event: Family Room -  Bulls vs.Trail Blazers | Type: event | Categories: [] | Keywords: [] | Venue: United Center | Location: Chicago, IL | Starts: 2026-02-26 19:00:00 | Timezone: America/Chicago"
Za5ju3rKuqZDvmMeN2_94aB5iI1mvAYmST,FE260226,event,,2026-02-26,19:00:00,America/Chicago,,[],[],United Center,Chicago,IL,41.880677,-87.67409100000002,"Event: FE260226 | Type: event | Categories: [] | Keywords: [] | Venue: United Center | Location: Chicago, IL | Starts: 2026-02-26 19:00:00 | Timezone: America/Chicago"
vv178ZbYGkW6uVNE,Chicago Bulls vs. Portland Trail Blazers,event,https://www.ticketmaster.com/chicago-bulls-vs-portland-trail-blazers-chicago-illinois-02-26-2026/event/0400630F473748E7,2026-02-26,19:00:00,America/Chicago,,"['Basketball', 'NBA']",['Sports'],United Center,Chicago,IL,41.88124412,-87.67427375,"Event: Chicago Bulls vs. Portland Trail Blazers | Type: event | Categories: ['Sports'] | Keywords: ['Basketball', 'NBA'] | Venue: United Center | Location: Chicago, IL | Starts: 2026-02-26 19:00:00 | Timezone: America/Chicago"
Z7r9jZ1A7OpZV,Depths of Wikipedia,event,https://www.ticketmaster.com/event/Z7r9jZ1A7OpZV,2026-02-26,19:00:00,,,"['Lecture/Seminar', 'Lecture/Seminar']",['Miscellaneous'],Vic Theater,Chicago,IL,41.939602,-87.656799,"Event: Depths of Wikipedia | Type: event | Categories: ['Miscellaneous'] | Keywords: ['Lecture/Seminar', 'Lecture/Seminar'] | Venue: Vic Theater | Location: Chicago, IL | Starts: 2026-02-26 19:00:00"
Z7r9jZ1A7q9Q_,Bernadette: The Musical,event,https://www.ticketmaster.com/event/Z7r9jZ1A7q9Q_,2026-02-26,19:00:00,,,[],['Undefined'],Athenaeum Theatre,Chicago,IL,41.939602,-87.656799,"Event: Bernadette: The Musical | Type: event | Categories: ['Undefined'] | Keywords: [] | Venue: Athenaeum Theatre | Location: Chicago, IL | Starts: 2026-02-26 19:00:00"
rZ7HnEZ1AfAtFV,GERALD DOWD'S Song Of The Month Club w/ Special Guest Fred Simon!,event,https://www.ticketweb.com/event/gerald-dowds-song-of-the-fitzgeralds-sidebar-tickets/14169234,2026-02-26,19:00:00,America/Chicago,,"['Pop', 'Singer-Songwriter', 'Jazz', 'Jazz']","['Music', 'Music']",FITZGERALDS SIDEBAR,Berwyn,IL,41.86489,-87.78952,"Event: GERALD DOWD'S Song Of The Month Club w/ Special Guest Fred Simon! | Type: event | Categories: ['Music', 'Music'] | Keywords: ['Pop', 'Singer-Songwriter', 'Jazz', 'Jazz'] | Venue: FITZGERALDS SIDEBAR | Location: Berwyn, IL | Starts: 2026-02-26 19:00:00 | Timezone: America/Chicago"
Z7r9jZ1A7rv8F,Joey Valence & Brae (Night 1),event,https://www.ticketmaster.com/event/Z7r9jZ1A7rv8F,2026-02-26,19:30:00,,,"['Hip-Hop/Rap', 'Urban']",['Music'],Metro,Chicago,IL,41.939602,-87.656799,"Event: Joey Valence & Brae (Night 1) | Type: event | Categories: ['Music'] | Keywords: ['Hip-Hop/Rap', 'Urban'] | Venue: Metro | Location: Chicago, IL | Starts: 2026-02-26 19:30:00"
Za5ju3rKuqZDvavzq1A7y7ttWCrdZx_N0P,Skyline Meeting Room Hawks vs. Senators,event,,2026-02-26,19:45:00,America/Chicago,,[],[],United Center,Chicago,IL,41.880677,-87.67409100000002,"Event: Skyline Meeting Room Hawks vs. Senators | Type: event | Categories: [] | Keywords: [] | Venue: United Center | Location: Chicago, IL | Starts: 2026-02-26 19:45:00 | Timezone: America/Chicago"
vv1kvZv0a-GA50MBa,Peach Jam,event,https://www.ticketmaster.com/peach-jam-chicago-illinois-02-26-2026/event/040064261B937E89,2026-02-26,20:00:00,America/Chicago,,"['Rock', 'Pop']",['Music'],Garcia's Chicago,Chicago,IL,41.883,-87.65256,"Event: Peach Jam | Type: event | Categories: ['Music'] | Keywords: ['Rock', 'Pop'] | Venue: Garcia's Chicago | Location: Chicago, IL | Starts: 2026-02-26 20:00:00 | Timezone: America/Chicago"
1AtZkuwGkdE-8xO,Jim Ryan's Classic Albums Night: Full Albums Performed Live,event,https://www.ticketweb.com/event/jim-ryans-classic-albums-night-reggies-music-joint-tickets/14702223?REFERRAL_ID=tmfeed,2026-02-26,20:00:00,America/Chicago,,"['Rock', 'Pop']",['Music'],Reggies Music Joint,Chicago,IL,41.853988,-87.62706,"Event: Jim Ryan's Classic Albums Night: Full Albums Performed Live | Type: event | Categories: ['Music'] | Keywords: ['Rock', 'Pop'] | Venue: Reggies Music Joint | Location: Chicago, IL | Starts: 2026-02-26 20:00:00 | Timezone: America/Chicago"
rZ7HnEZ1Afp4qN,Say She She: Cut & Rewind Tour with Katzù Oso,event,https://www.ticketweb.com/event/say-she-she-cut-thalia-hall-tickets/14595763,2026-02-26,20:00:00,America/Chicago,,"['Dance/Electronic', 'Disco', 'World', 'Latin']","['Music', 'Music']",Thalia Hall,Chicago,IL,41.857717,-87.657459,"Event: Say She She: Cut & Rewind Tour with Katzù Oso | Type: event | Categories: ['Music', 'Music'] | Keywords: ['Dance/Electronic', 'Disco', 'World', 'Latin'] | Venue: Thalia Hall | Location: Chicago, IL | Starts: 2026-02-26 20:00:00 | Timezone: America/Chicago"
